SQUADRON,ACID,GO,5,GO
RELOCATE,ACID,GO,5,GO
INFANTRY,ACID,GO,5,GO
AIRCRAFT,ACID,GO,5,GO
SQUADRON,AREA,GO,5,GO
RELOCATE,AREA,GO,5,GO
INFANTRY,AREA,GO,5,GO
AIRCRAFT,AREA,GO,5,GO
SQUADRON,FIRE,GO,5,GO
RELOCATE,FIRE,GO,5,GO
INFANTRY,FIRE,GO,5,GO
AIRCRAFT,FIRE,GO,5,GO
SQUADRON,SHIP,GO,5,GO
RELOCATE,SHIP,GO,5,GO
INFANTRY,SHIP,GO,5,GO
AIRCRAFT,SHIP,GO,5,GO
SQUADRON,WALK,GO,5,GO
RELOCATE,WALK,GO,5,GO
INFANTRY,WALK,GO,5,GO
AIRCRAFT,WALK,GO,5,GO
SQUADRON,JOHN,GO,5,GO
RELOCATE,JOHN,GO,5,GO
INFANTRY,JOHN,GO,5,GO
AIRCRAFT,JOHN,GO,5,GO
SQUADRON,MOVE,GO,5,GO
RELOCATE,MOVE,GO,5,GO
INFANTRY,MOVE,GO,5,GO
AIRCRAFT,MOVE,GO,5,GO
SQUADRON,CITY,GO,5,GO
RELOCATE,CITY,GO,5,GO
INFANTRY,CITY,GO,5,GO
AIRCRAFT,CITY,GO,5,GO
SQUADRON,JACK,GO,5,GO
RELOCATE,JACK,GO,5,GO
INFANTRY,JACK,GO,5,GO
AIRCRAFT,JACK,GO,5,GO
SQUADRON,FROM,GO,5,GO
RELOCATE,FROM,GO,5,GO
INFANTRY,FROM,GO,5,GO
AIRCRAFT,FROM,GO,5,GO
SQUADRON,WILL,GO,5,GO
RELOCATE,WILL,GO,5,GO
INFANTRY,WILL,GO,5,GO
AIRCRAFT,WILL,GO,5,GO
SQUADRON,LEFT,GO,5,GO
RELOCATE,LEFT,GO,5,GO
INFANTRY,LEFT,GO,5,GO
AIRCRAFT,LEFT,GO,5,GO
SQUADRON,EAST,GO,5,GO
RELOCATE,EAST,GO,5,GO
INFANTRY,EAST,GO,5,GO
AIRCRAFT,EAST,GO,5,GO
SQUADRON,WEST,GO,5,GO
RELOCATE,WEST,GO,5,GO
INFANTRY,WEST,GO,5,GO
AIRCRAFT,WEST,GO,5,GO
SQUADRON,TANK,GO,5,GO
RELOCATE,TANK,GO,5,GO
INFANTRY,TANK,GO,5,GO
AIRCRAFT,TANK,GO,5,GO
SQUADRON,ACID,PM,5,GO
RELOCATE,ACID,PM,5,GO
INFANTRY,ACID,PM,5,GO
AIRCRAFT,ACID,PM,5,GO
SQUADRON,AREA,PM,5,GO
RELOCATE,AREA,PM,5,GO
INFANTRY,AREA,PM,5,GO
AIRCRAFT,AREA,PM,5,GO
SQUADRON,FIRE,PM,5,GO
RELOCATE,FIRE,PM,5,GO
INFANTRY,FIRE,PM,5,GO
AIRCRAFT,FIRE,PM,5,GO
SQUADRON,SHIP,PM,5,GO
RELOCATE,SHIP,PM,5,GO
INFANTRY,SHIP,PM,5,GO
AIRCRAFT,SHIP,PM,5,GO
SQUADRON,WALK,PM,5,GO
RELOCATE,WALK,PM,5,GO
INFANTRY,WALK,PM,5,GO
AIRCRAFT,WALK,PM,5,GO
SQUADRON,JOHN,PM,5,GO
RELOCATE,JOHN,PM,5,GO
INFANTRY,JOHN,PM,5,GO
AIRCRAFT,JOHN,PM,5,GO
SQUADRON,MOVE,PM,5,GO
RELOCATE,MOVE,PM,5,GO
INFANTRY,MOVE,PM,5,GO
AIRCRAFT,MOVE,PM,5,GO
SQUADRON,CITY,PM,5,GO
RELOCATE,CITY,PM,5,GO
INFANTRY,CITY,PM,5,GO
AIRCRAFT,CITY,PM,5,GO
SQUADRON,JACK,PM,5,GO
RELOCATE,JACK,PM,5,GO
INFANTRY,JACK,PM,5,GO
AIRCRAFT,JACK,PM,5,GO
SQUADRON,FROM,PM,5,GO
RELOCATE,FROM,PM,5,GO
INFANTRY,FROM,PM,5,GO
AIRCRAFT,FROM,PM,5,GO
SQUADRON,WILL,PM,5,GO
RELOCATE,WILL,PM,5,GO
INFANTRY,WILL,PM,5,GO
AIRCRAFT,WILL,PM,5,GO
SQUADRON,LEFT,PM,5,GO
RELOCATE,LEFT,PM,5,GO
INFANTRY,LEFT,PM,5,GO
AIRCRAFT,LEFT,PM,5,GO
SQUADRON,EAST,PM,5,GO
RELOCATE,EAST,PM,5,GO
INFANTRY,EAST,PM,5,GO
AIRCRAFT,EAST,PM,5,GO
SQUADRON,WEST,PM,5,GO
RELOCATE,WEST,PM,5,GO
INFANTRY,WEST,PM,5,GO
AIRCRAFT,WEST,PM,5,GO
SQUADRON,TANK,PM,5,GO
RELOCATE,TANK,PM,5,GO
INFANTRY,TANK,PM,5,GO
AIRCRAFT,TANK,PM,5,GO
SQUADRON,ACID,AM,5,GO
RELOCATE,ACID,AM,5,GO
INFANTRY,ACID,AM,5,GO
AIRCRAFT,ACID,AM,5,GO
SQUADRON,AREA,AM,5,GO
RELOCATE,AREA,AM,5,GO
INFANTRY,AREA,AM,5,GO
AIRCRAFT,AREA,AM,5,GO
SQUADRON,FIRE,AM,5,GO
RELOCATE,FIRE,AM,5,GO
INFANTRY,FIRE,AM,5,GO
AIRCRAFT,FIRE,AM,5,GO
SQUADRON,SHIP,AM,5,GO
RELOCATE,SHIP,AM,5,GO
INFANTRY,SHIP,AM,5,GO
AIRCRAFT,SHIP,AM,5,GO
SQUADRON,WALK,AM,5,GO
RELOCATE,WALK,AM,5,GO
INFANTRY,WALK,AM,5,GO
AIRCRAFT,WALK,AM,5,GO
SQUADRON,JOHN,AM,5,GO
RELOCATE,JOHN,AM,5,GO
INFANTRY,JOHN,AM,5,GO
AIRCRAFT,JOHN,AM,5,GO
SQUADRON,MOVE,AM,5,GO
RELOCATE,MOVE,AM,5,GO
INFANTRY,MOVE,AM,5,GO
AIRCRAFT,MOVE,AM,5,GO
SQUADRON,CITY,AM,5,GO
RELOCATE,CITY,AM,5,GO
INFANTRY,CITY,AM,5,GO
AIRCRAFT,CITY,AM,5,GO
SQUADRON,JACK,AM,5,GO
RELOCATE,JACK,AM,5,GO
INFANTRY,JACK,AM,5,GO
AIRCRAFT,JACK,AM,5,GO
SQUADRON,FROM,AM,5,GO
RELOCATE,FROM,AM,5,GO
INFANTRY,FROM,AM,5,GO
AIRCRAFT,FROM,AM,5,GO
SQUADRON,WILL,AM,5,GO
RELOCATE,WILL,AM,5,GO
INFANTRY,WILL,AM,5,GO
AIRCRAFT,WILL,AM,5,GO
SQUADRON,LEFT,AM,5,GO
RELOCATE,LEFT,AM,5,GO
INFANTRY,LEFT,AM,5,GO
AIRCRAFT,LEFT,AM,5,GO
SQUADRON,EAST,AM,5,GO
RELOCATE,EAST,AM,5,GO
INFANTRY,EAST,AM,5,GO
AIRCRAFT,EAST,AM,5,GO
SQUADRON,WEST,AM,5,GO
RELOCATE,WEST,AM,5,GO
INFANTRY,WEST,AM,5,GO
AIRCRAFT,WEST,AM,5,GO
SQUADRON,TANK,AM,5,GO
RELOCATE,TANK,AM,5,GO
INFANTRY,TANK,AM,5,GO
AIRCRAFT,TANK,AM,5,GO
SQUADRON,ACID,AT,5,GO
RELOCATE,ACID,AT,5,GO
INFANTRY,ACID,AT,5,GO
AIRCRAFT,ACID,AT,5,GO
SQUADRON,AREA,AT,5,GO
RELOCATE,AREA,AT,5,GO
INFANTRY,AREA,AT,5,GO
AIRCRAFT,AREA,AT,5,GO
SQUADRON,FIRE,AT,5,GO
RELOCATE,FIRE,AT,5,GO
INFANTRY,FIRE,AT,5,GO
AIRCRAFT,FIRE,AT,5,GO
SQUADRON,SHIP,AT,5,GO
RELOCATE,SHIP,AT,5,GO
INFANTRY,SHIP,AT,5,GO
AIRCRAFT,SHIP,AT,5,GO
SQUADRON,WALK,AT,5,GO
RELOCATE,WALK,AT,5,GO
INFANTRY,WALK,AT,5,GO
AIRCRAFT,WALK,AT,5,GO
SQUADRON,JOHN,AT,5,GO
RELOCATE,JOHN,AT,5,GO
INFANTRY,JOHN,AT,5,GO
AIRCRAFT,JOHN,AT,5,GO
SQUADRON,MOVE,AT,5,GO
RELOCATE,MOVE,AT,5,GO
INFANTRY,MOVE,AT,5,GO
AIRCRAFT,MOVE,AT,5,GO
SQUADRON,CITY,AT,5,GO
RELOCATE,CITY,AT,5,GO
INFANTRY,CITY,AT,5,GO
AIRCRAFT,CITY,AT,5,GO
SQUADRON,JACK,AT,5,GO
RELOCATE,JACK,AT,5,GO
INFANTRY,JACK,AT,5,GO
AIRCRAFT,JACK,AT,5,GO
SQUADRON,FROM,AT,5,GO
RELOCATE,FROM,AT,5,GO
INFANTRY,FROM,AT,5,GO
AIRCRAFT,FROM,AT,5,GO
SQUADRON,WILL,AT,5,GO
RELOCATE,WILL,AT,5,GO
INFANTRY,WILL,AT,5,GO
AIRCRAFT,WILL,AT,5,GO
SQUADRON,LEFT,AT,5,GO
RELOCATE,LEFT,AT,5,GO
INFANTRY,LEFT,AT,5,GO
AIRCRAFT,LEFT,AT,5,GO
SQUADRON,EAST,AT,5,GO
RELOCATE,EAST,AT,5,GO
INFANTRY,EAST,AT,5,GO
AIRCRAFT,EAST,AT,5,GO
SQUADRON,WEST,AT,5,GO
RELOCATE,WEST,AT,5,GO
INFANTRY,WEST,AT,5,GO
AIRCRAFT,WEST,AT,5,GO
SQUADRON,TANK,AT,5,GO
RELOCATE,TANK,AT,5,GO
INFANTRY,TANK,AT,5,GO
AIRCRAFT,TANK,AT,5,GO
SQUADRON,ACID,TO,5,GO
RELOCATE,ACID,TO,5,GO
INFANTRY,ACID,TO,5,GO
AIRCRAFT,ACID,TO,5,GO
SQUADRON,AREA,TO,5,GO
RELOCATE,AREA,TO,5,GO
INFANTRY,AREA,TO,5,GO
AIRCRAFT,AREA,TO,5,GO
SQUADRON,FIRE,TO,5,GO
RELOCATE,FIRE,TO,5,GO
INFANTRY,FIRE,TO,5,GO
AIRCRAFT,FIRE,TO,5,GO
SQUADRON,SHIP,TO,5,GO
RELOCATE,SHIP,TO,5,GO
INFANTRY,SHIP,TO,5,GO
AIRCRAFT,SHIP,TO,5,GO
SQUADRON,WALK,TO,5,GO
RELOCATE,WALK,TO,5,GO
INFANTRY,WALK,TO,5,GO
AIRCRAFT,WALK,TO,5,GO
SQUADRON,JOHN,TO,5,GO
RELOCATE,JOHN,TO,5,GO
INFANTRY,JOHN,TO,5,GO
AIRCRAFT,JOHN,TO,5,GO
SQUADRON,MOVE,TO,5,GO
RELOCATE,MOVE,TO,5,GO
INFANTRY,MOVE,TO,5,GO
AIRCRAFT,MOVE,TO,5,GO
SQUADRON,CITY,TO,5,GO
RELOCATE,CITY,TO,5,GO
INFANTRY,CITY,TO,5,GO
AIRCRAFT,CITY,TO,5,GO
SQUADRON,JACK,TO,5,GO
RELOCATE,JACK,TO,5,GO
INFANTRY,JACK,TO,5,GO
AIRCRAFT,JACK,TO,5,GO
SQUADRON,FROM,TO,5,GO
RELOCATE,FROM,TO,5,GO
INFANTRY,FROM,TO,5,GO
AIRCRAFT,FROM,TO,5,GO
SQUADRON,WILL,TO,5,GO
RELOCATE,WILL,TO,5,GO
INFANTRY,WILL,TO,5,GO
AIRCRAFT,WILL,TO,5,GO
SQUADRON,LEFT,TO,5,GO
RELOCATE,LEFT,TO,5,GO
INFANTRY,LEFT,TO,5,GO
AIRCRAFT,LEFT,TO,5,GO
SQUADRON,EAST,TO,5,GO
RELOCATE,EAST,TO,5,GO
INFANTRY,EAST,TO,5,GO
AIRCRAFT,EAST,TO,5,GO
SQUADRON,WEST,TO,5,GO
RELOCATE,WEST,TO,5,GO
INFANTRY,WEST,TO,5,GO
AIRCRAFT,WEST,TO,5,GO
SQUADRON,TANK,TO,5,GO
RELOCATE,TANK,TO,5,GO
INFANTRY,TANK,TO,5,GO
AIRCRAFT,TANK,TO,5,GO
SQUADRON,ACID,IN,5,GO
RELOCATE,ACID,IN,5,GO
INFANTRY,ACID,IN,5,GO
AIRCRAFT,ACID,IN,5,GO
SQUADRON,AREA,IN,5,GO
RELOCATE,AREA,IN,5,GO
INFANTRY,AREA,IN,5,GO
AIRCRAFT,AREA,IN,5,GO
SQUADRON,FIRE,IN,5,GO
RELOCATE,FIRE,IN,5,GO
INFANTRY,FIRE,IN,5,GO
AIRCRAFT,FIRE,IN,5,GO
SQUADRON,SHIP,IN,5,GO
RELOCATE,SHIP,IN,5,GO
INFANTRY,SHIP,IN,5,GO
AIRCRAFT,SHIP,IN,5,GO
SQUADRON,WALK,IN,5,GO
RELOCATE,WALK,IN,5,GO
INFANTRY,WALK,IN,5,GO
AIRCRAFT,WALK,IN,5,GO
SQUADRON,JOHN,IN,5,GO
RELOCATE,JOHN,IN,5,GO
INFANTRY,JOHN,IN,5,GO
AIRCRAFT,JOHN,IN,5,GO
SQUADRON,MOVE,IN,5,GO
RELOCATE,MOVE,IN,5,GO
INFANTRY,MOVE,IN,5,GO
AIRCRAFT,MOVE,IN,5,GO
SQUADRON,CITY,IN,5,GO
RELOCATE,CITY,IN,5,GO
INFANTRY,CITY,IN,5,GO
AIRCRAFT,CITY,IN,5,GO
SQUADRON,JACK,IN,5,GO
RELOCATE,JACK,IN,5,GO
INFANTRY,JACK,IN,5,GO
AIRCRAFT,JACK,IN,5,GO
SQUADRON,FROM,IN,5,GO
RELOCATE,FROM,IN,5,GO
INFANTRY,FROM,IN,5,GO
AIRCRAFT,FROM,IN,5,GO
SQUADRON,WILL,IN,5,GO
RELOCATE,WILL,IN,5,GO
INFANTRY,WILL,IN,5,GO
AIRCRAFT,WILL,IN,5,GO
SQUADRON,LEFT,IN,5,GO
RELOCATE,LEFT,IN,5,GO
INFANTRY,LEFT,IN,5,GO
AIRCRAFT,LEFT,IN,5,GO
SQUADRON,EAST,IN,5,GO
RELOCATE,EAST,IN,5,GO
INFANTRY,EAST,IN,5,GO
AIRCRAFT,EAST,IN,5,GO
SQUADRON,WEST,IN,5,GO
RELOCATE,WEST,IN,5,GO
INFANTRY,WEST,IN,5,GO
AIRCRAFT,WEST,IN,5,GO
SQUADRON,TANK,IN,5,GO
RELOCATE,TANK,IN,5,GO
INFANTRY,TANK,IN,5,GO
AIRCRAFT,TANK,IN,5,GO
SQUADRON,ACID,OF,5,GO
RELOCATE,ACID,OF,5,GO
INFANTRY,ACID,OF,5,GO
AIRCRAFT,ACID,OF,5,GO
SQUADRON,AREA,OF,5,GO
RELOCATE,AREA,OF,5,GO
INFANTRY,AREA,OF,5,GO
AIRCRAFT,AREA,OF,5,GO
SQUADRON,FIRE,OF,5,GO
RELOCATE,FIRE,OF,5,GO
INFANTRY,FIRE,OF,5,GO
AIRCRAFT,FIRE,OF,5,GO
SQUADRON,SHIP,OF,5,GO
RELOCATE,SHIP,OF,5,GO
INFANTRY,SHIP,OF,5,GO
AIRCRAFT,SHIP,OF,5,GO
SQUADRON,WALK,OF,5,GO
RELOCATE,WALK,OF,5,GO
INFANTRY,WALK,OF,5,GO
AIRCRAFT,WALK,OF,5,GO
SQUADRON,JOHN,OF,5,GO
RELOCATE,JOHN,OF,5,GO
INFANTRY,JOHN,OF,5,GO
AIRCRAFT,JOHN,OF,5,GO
SQUADRON,MOVE,OF,5,GO
RELOCATE,MOVE,OF,5,GO
INFANTRY,MOVE,OF,5,GO
AIRCRAFT,MOVE,OF,5,GO
SQUADRON,CITY,OF,5,GO
RELOCATE,CITY,OF,5,GO
INFANTRY,CITY,OF,5,GO
AIRCRAFT,CITY,OF,5,GO
SQUADRON,JACK,OF,5,GO
RELOCATE,JACK,OF,5,GO
INFANTRY,JACK,OF,5,GO
AIRCRAFT,JACK,OF,5,GO
SQUADRON,FROM,OF,5,GO
RELOCATE,FROM,OF,5,GO
INFANTRY,FROM,OF,5,GO
AIRCRAFT,FROM,OF,5,GO
SQUADRON,WILL,OF,5,GO
RELOCATE,WILL,OF,5,GO
INFANTRY,WILL,OF,5,GO
AIRCRAFT,WILL,OF,5,GO
SQUADRON,LEFT,OF,5,GO
RELOCATE,LEFT,OF,5,GO
INFANTRY,LEFT,OF,5,GO
AIRCRAFT,LEFT,OF,5,GO
SQUADRON,EAST,OF,5,GO
RELOCATE,EAST,OF,5,GO
INFANTRY,EAST,OF,5,GO
AIRCRAFT,EAST,OF,5,GO
SQUADRON,WEST,OF,5,GO
RELOCATE,WEST,OF,5,GO
INFANTRY,WEST,OF,5,GO
AIRCRAFT,WEST,OF,5,GO
SQUADRON,TANK,OF,5,GO
RELOCATE,TANK,OF,5,GO
INFANTRY,TANK,OF,5,GO
AIRCRAFT,TANK,OF,5,GO
SQUADRON,ACID,GO,5,PM
RELOCATE,ACID,GO,5,PM
INFANTRY,ACID,GO,5,PM
AIRCRAFT,ACID,GO,5,PM
SQUADRON,AREA,GO,5,PM
RELOCATE,AREA,GO,5,PM
INFANTRY,AREA,GO,5,PM
AIRCRAFT,AREA,GO,5,PM
SQUADRON,FIRE,GO,5,PM
RELOCATE,FIRE,GO,5,PM
INFANTRY,FIRE,GO,5,PM
AIRCRAFT,FIRE,GO,5,PM
SQUADRON,SHIP,GO,5,PM
RELOCATE,SHIP,GO,5,PM
INFANTRY,SHIP,GO,5,PM
AIRCRAFT,SHIP,GO,5,PM
SQUADRON,WALK,GO,5,PM
RELOCATE,WALK,GO,5,PM
INFANTRY,WALK,GO,5,PM
AIRCRAFT,WALK,GO,5,PM
SQUADRON,JOHN,GO,5,PM
RELOCATE,JOHN,GO,5,PM
INFANTRY,JOHN,GO,5,PM
AIRCRAFT,JOHN,GO,5,PM
SQUADRON,MOVE,GO,5,PM
RELOCATE,MOVE,GO,5,PM
INFANTRY,MOVE,GO,5,PM
AIRCRAFT,MOVE,GO,5,PM
SQUADRON,CITY,GO,5,PM
RELOCATE,CITY,GO,5,PM
INFANTRY,CITY,GO,5,PM
AIRCRAFT,CITY,GO,5,PM
SQUADRON,JACK,GO,5,PM
RELOCATE,JACK,GO,5,PM
INFANTRY,JACK,GO,5,PM
AIRCRAFT,JACK,GO,5,PM
SQUADRON,FROM,GO,5,PM
RELOCATE,FROM,GO,5,PM
INFANTRY,FROM,GO,5,PM
AIRCRAFT,FROM,GO,5,PM
SQUADRON,WILL,GO,5,PM
RELOCATE,WILL,GO,5,PM
INFANTRY,WILL,GO,5,PM
AIRCRAFT,WILL,GO,5,PM
SQUADRON,LEFT,GO,5,PM
RELOCATE,LEFT,GO,5,PM
INFANTRY,LEFT,GO,5,PM
AIRCRAFT,LEFT,GO,5,PM
SQUADRON,EAST,GO,5,PM
RELOCATE,EAST,GO,5,PM
INFANTRY,EAST,GO,5,PM
AIRCRAFT,EAST,GO,5,PM
SQUADRON,WEST,GO,5,PM
RELOCATE,WEST,GO,5,PM
INFANTRY,WEST,GO,5,PM
AIRCRAFT,WEST,GO,5,PM
SQUADRON,TANK,GO,5,PM
RELOCATE,TANK,GO,5,PM
INFANTRY,TANK,GO,5,PM
AIRCRAFT,TANK,GO,5,PM
SQUADRON,ACID,PM,5,PM
RELOCATE,ACID,PM,5,PM
INFANTRY,ACID,PM,5,PM
AIRCRAFT,ACID,PM,5,PM
SQUADRON,AREA,PM,5,PM
RELOCATE,AREA,PM,5,PM
INFANTRY,AREA,PM,5,PM
AIRCRAFT,AREA,PM,5,PM
SQUADRON,FIRE,PM,5,PM
RELOCATE,FIRE,PM,5,PM
INFANTRY,FIRE,PM,5,PM
AIRCRAFT,FIRE,PM,5,PM
SQUADRON,SHIP,PM,5,PM
RELOCATE,SHIP,PM,5,PM
INFANTRY,SHIP,PM,5,PM
AIRCRAFT,SHIP,PM,5,PM
SQUADRON,WALK,PM,5,PM
RELOCATE,WALK,PM,5,PM
INFANTRY,WALK,PM,5,PM
AIRCRAFT,WALK,PM,5,PM
SQUADRON,JOHN,PM,5,PM
RELOCATE,JOHN,PM,5,PM
INFANTRY,JOHN,PM,5,PM
AIRCRAFT,JOHN,PM,5,PM
SQUADRON,MOVE,PM,5,PM
RELOCATE,MOVE,PM,5,PM
INFANTRY,MOVE,PM,5,PM
AIRCRAFT,MOVE,PM,5,PM
SQUADRON,CITY,PM,5,PM
RELOCATE,CITY,PM,5,PM
INFANTRY,CITY,PM,5,PM
AIRCRAFT,CITY,PM,5,PM
SQUADRON,JACK,PM,5,PM
RELOCATE,JACK,PM,5,PM
INFANTRY,JACK,PM,5,PM
AIRCRAFT,JACK,PM,5,PM
SQUADRON,FROM,PM,5,PM
RELOCATE,FROM,PM,5,PM
INFANTRY,FROM,PM,5,PM
AIRCRAFT,FROM,PM,5,PM
SQUADRON,WILL,PM,5,PM
RELOCATE,WILL,PM,5,PM
INFANTRY,WILL,PM,5,PM
AIRCRAFT,WILL,PM,5,PM
SQUADRON,LEFT,PM,5,PM
RELOCATE,LEFT,PM,5,PM
INFANTRY,LEFT,PM,5,PM
AIRCRAFT,LEFT,PM,5,PM
SQUADRON,EAST,PM,5,PM
RELOCATE,EAST,PM,5,PM
INFANTRY,EAST,PM,5,PM
AIRCRAFT,EAST,PM,5,PM
SQUADRON,WEST,PM,5,PM
RELOCATE,WEST,PM,5,PM
INFANTRY,WEST,PM,5,PM
AIRCRAFT,WEST,PM,5,PM
SQUADRON,TANK,PM,5,PM
RELOCATE,TANK,PM,5,PM
INFANTRY,TANK,PM,5,PM
AIRCRAFT,TANK,PM,5,PM
SQUADRON,ACID,AM,5,PM
RELOCATE,ACID,AM,5,PM
INFANTRY,ACID,AM,5,PM
AIRCRAFT,ACID,AM,5,PM
SQUADRON,AREA,AM,5,PM
RELOCATE,AREA,AM,5,PM
INFANTRY,AREA,AM,5,PM
AIRCRAFT,AREA,AM,5,PM
SQUADRON,FIRE,AM,5,PM
RELOCATE,FIRE,AM,5,PM
INFANTRY,FIRE,AM,5,PM
AIRCRAFT,FIRE,AM,5,PM
SQUADRON,SHIP,AM,5,PM
RELOCATE,SHIP,AM,5,PM
INFANTRY,SHIP,AM,5,PM
AIRCRAFT,SHIP,AM,5,PM
SQUADRON,WALK,AM,5,PM
RELOCATE,WALK,AM,5,PM
INFANTRY,WALK,AM,5,PM
AIRCRAFT,WALK,AM,5,PM
SQUADRON,JOHN,AM,5,PM
RELOCATE,JOHN,AM,5,PM
INFANTRY,JOHN,AM,5,PM
AIRCRAFT,JOHN,AM,5,PM
SQUADRON,MOVE,AM,5,PM
RELOCATE,MOVE,AM,5,PM
INFANTRY,MOVE,AM,5,PM
AIRCRAFT,MOVE,AM,5,PM
SQUADRON,CITY,AM,5,PM
RELOCATE,CITY,AM,5,PM
INFANTRY,CITY,AM,5,PM
AIRCRAFT,CITY,AM,5,PM
SQUADRON,JACK,AM,5,PM
RELOCATE,JACK,AM,5,PM
INFANTRY,JACK,AM,5,PM
AIRCRAFT,JACK,AM,5,PM
SQUADRON,FROM,AM,5,PM
RELOCATE,FROM,AM,5,PM
INFANTRY,FROM,AM,5,PM
AIRCRAFT,FROM,AM,5,PM
SQUADRON,WILL,AM,5,PM
RELOCATE,WILL,AM,5,PM
INFANTRY,WILL,AM,5,PM
AIRCRAFT,WILL,AM,5,PM
SQUADRON,LEFT,AM,5,PM
RELOCATE,LEFT,AM,5,PM
INFANTRY,LEFT,AM,5,PM
AIRCRAFT,LEFT,AM,5,PM
SQUADRON,EAST,AM,5,PM
RELOCATE,EAST,AM,5,PM
INFANTRY,EAST,AM,5,PM
AIRCRAFT,EAST,AM,5,PM
SQUADRON,WEST,AM,5,PM
RELOCATE,WEST,AM,5,PM
INFANTRY,WEST,AM,5,PM
AIRCRAFT,WEST,AM,5,PM
SQUADRON,TANK,AM,5,PM
RELOCATE,TANK,AM,5,PM
INFANTRY,TANK,AM,5,PM
AIRCRAFT,TANK,AM,5,PM
SQUADRON,ACID,AT,5,PM
RELOCATE,ACID,AT,5,PM
INFANTRY,ACID,AT,5,PM
AIRCRAFT,ACID,AT,5,PM
SQUADRON,AREA,AT,5,PM
RELOCATE,AREA,AT,5,PM
INFANTRY,AREA,AT,5,PM
AIRCRAFT,AREA,AT,5,PM
SQUADRON,FIRE,AT,5,PM
RELOCATE,FIRE,AT,5,PM
INFANTRY,FIRE,AT,5,PM
AIRCRAFT,FIRE,AT,5,PM
SQUADRON,SHIP,AT,5,PM
RELOCATE,SHIP,AT,5,PM
INFANTRY,SHIP,AT,5,PM
AIRCRAFT,SHIP,AT,5,PM
SQUADRON,WALK,AT,5,PM
RELOCATE,WALK,AT,5,PM
INFANTRY,WALK,AT,5,PM
AIRCRAFT,WALK,AT,5,PM
SQUADRON,JOHN,AT,5,PM
RELOCATE,JOHN,AT,5,PM
INFANTRY,JOHN,AT,5,PM
AIRCRAFT,JOHN,AT,5,PM
SQUADRON,MOVE,AT,5,PM
RELOCATE,MOVE,AT,5,PM
INFANTRY,MOVE,AT,5,PM
AIRCRAFT,MOVE,AT,5,PM
SQUADRON,CITY,AT,5,PM
RELOCATE,CITY,AT,5,PM
INFANTRY,CITY,AT,5,PM
AIRCRAFT,CITY,AT,5,PM
SQUADRON,JACK,AT,5,PM
RELOCATE,JACK,AT,5,PM
INFANTRY,JACK,AT,5,PM
AIRCRAFT,JACK,AT,5,PM
SQUADRON,FROM,AT,5,PM
RELOCATE,FROM,AT,5,PM
INFANTRY,FROM,AT,5,PM
AIRCRAFT,FROM,AT,5,PM
SQUADRON,WILL,AT,5,PM
RELOCATE,WILL,AT,5,PM
INFANTRY,WILL,AT,5,PM
AIRCRAFT,WILL,AT,5,PM
SQUADRON,LEFT,AT,5,PM
RELOCATE,LEFT,AT,5,PM
INFANTRY,LEFT,AT,5,PM
AIRCRAFT,LEFT,AT,5,PM
SQUADRON,EAST,AT,5,PM
RELOCATE,EAST,AT,5,PM
INFANTRY,EAST,AT,5,PM
AIRCRAFT,EAST,AT,5,PM
SQUADRON,WEST,AT,5,PM
RELOCATE,WEST,AT,5,PM
INFANTRY,WEST,AT,5,PM
AIRCRAFT,WEST,AT,5,PM
SQUADRON,TANK,AT,5,PM
RELOCATE,TANK,AT,5,PM
INFANTRY,TANK,AT,5,PM
AIRCRAFT,TANK,AT,5,PM
SQUADRON,ACID,TO,5,PM
RELOCATE,ACID,TO,5,PM
INFANTRY,ACID,TO,5,PM
AIRCRAFT,ACID,TO,5,PM
SQUADRON,AREA,TO,5,PM
RELOCATE,AREA,TO,5,PM
INFANTRY,AREA,TO,5,PM
AIRCRAFT,AREA,TO,5,PM
SQUADRON,FIRE,TO,5,PM
RELOCATE,FIRE,TO,5,PM
INFANTRY,FIRE,TO,5,PM
AIRCRAFT,FIRE,TO,5,PM
SQUADRON,SHIP,TO,5,PM
RELOCATE,SHIP,TO,5,PM
INFANTRY,SHIP,TO,5,PM
AIRCRAFT,SHIP,TO,5,PM
SQUADRON,WALK,TO,5,PM
RELOCATE,WALK,TO,5,PM
INFANTRY,WALK,TO,5,PM
AIRCRAFT,WALK,TO,5,PM
SQUADRON,JOHN,TO,5,PM
RELOCATE,JOHN,TO,5,PM
INFANTRY,JOHN,TO,5,PM
AIRCRAFT,JOHN,TO,5,PM
SQUADRON,MOVE,TO,5,PM
RELOCATE,MOVE,TO,5,PM
INFANTRY,MOVE,TO,5,PM
AIRCRAFT,MOVE,TO,5,PM
SQUADRON,CITY,TO,5,PM
RELOCATE,CITY,TO,5,PM
INFANTRY,CITY,TO,5,PM
AIRCRAFT,CITY,TO,5,PM
SQUADRON,JACK,TO,5,PM
RELOCATE,JACK,TO,5,PM
INFANTRY,JACK,TO,5,PM
AIRCRAFT,JACK,TO,5,PM
SQUADRON,FROM,TO,5,PM
RELOCATE,FROM,TO,5,PM
INFANTRY,FROM,TO,5,PM
AIRCRAFT,FROM,TO,5,PM
SQUADRON,WILL,TO,5,PM
RELOCATE,WILL,TO,5,PM
INFANTRY,WILL,TO,5,PM
AIRCRAFT,WILL,TO,5,PM
SQUADRON,LEFT,TO,5,PM
RELOCATE,LEFT,TO,5,PM
INFANTRY,LEFT,TO,5,PM
AIRCRAFT,LEFT,TO,5,PM
SQUADRON,EAST,TO,5,PM
RELOCATE,EAST,TO,5,PM
INFANTRY,EAST,TO,5,PM
AIRCRAFT,EAST,TO,5,PM
SQUADRON,WEST,TO,5,PM
RELOCATE,WEST,TO,5,PM
INFANTRY,WEST,TO,5,PM
AIRCRAFT,WEST,TO,5,PM
SQUADRON,TANK,TO,5,PM
RELOCATE,TANK,TO,5,PM
INFANTRY,TANK,TO,5,PM
AIRCRAFT,TANK,TO,5,PM
SQUADRON,ACID,IN,5,PM
RELOCATE,ACID,IN,5,PM
INFANTRY,ACID,IN,5,PM
AIRCRAFT,ACID,IN,5,PM
SQUADRON,AREA,IN,5,PM
RELOCATE,AREA,IN,5,PM
INFANTRY,AREA,IN,5,PM
AIRCRAFT,AREA,IN,5,PM
SQUADRON,FIRE,IN,5,PM
RELOCATE,FIRE,IN,5,PM
INFANTRY,FIRE,IN,5,PM
AIRCRAFT,FIRE,IN,5,PM
SQUADRON,SHIP,IN,5,PM
RELOCATE,SHIP,IN,5,PM
INFANTRY,SHIP,IN,5,PM
AIRCRAFT,SHIP,IN,5,PM
SQUADRON,WALK,IN,5,PM
RELOCATE,WALK,IN,5,PM
INFANTRY,WALK,IN,5,PM
AIRCRAFT,WALK,IN,5,PM
SQUADRON,JOHN,IN,5,PM
RELOCATE,JOHN,IN,5,PM
INFANTRY,JOHN,IN,5,PM
AIRCRAFT,JOHN,IN,5,PM
SQUADRON,MOVE,IN,5,PM
RELOCATE,MOVE,IN,5,PM
INFANTRY,MOVE,IN,5,PM
AIRCRAFT,MOVE,IN,5,PM
SQUADRON,CITY,IN,5,PM
RELOCATE,CITY,IN,5,PM
INFANTRY,CITY,IN,5,PM
AIRCRAFT,CITY,IN,5,PM
SQUADRON,JACK,IN,5,PM
RELOCATE,JACK,IN,5,PM
INFANTRY,JACK,IN,5,PM
AIRCRAFT,JACK,IN,5,PM
SQUADRON,FROM,IN,5,PM
RELOCATE,FROM,IN,5,PM
INFANTRY,FROM,IN,5,PM
AIRCRAFT,FROM,IN,5,PM
SQUADRON,WILL,IN,5,PM
RELOCATE,WILL,IN,5,PM
INFANTRY,WILL,IN,5,PM
AIRCRAFT,WILL,IN,5,PM
SQUADRON,LEFT,IN,5,PM
RELOCATE,LEFT,IN,5,PM
INFANTRY,LEFT,IN,5,PM
AIRCRAFT,LEFT,IN,5,PM
SQUADRON,EAST,IN,5,PM
RELOCATE,EAST,IN,5,PM
INFANTRY,EAST,IN,5,PM
AIRCRAFT,EAST,IN,5,PM
SQUADRON,WEST,IN,5,PM
RELOCATE,WEST,IN,5,PM
INFANTRY,WEST,IN,5,PM
AIRCRAFT,WEST,IN,5,PM
SQUADRON,TANK,IN,5,PM
RELOCATE,TANK,IN,5,PM
INFANTRY,TANK,IN,5,PM
AIRCRAFT,TANK,IN,5,PM
SQUADRON,ACID,OF,5,PM
RELOCATE,ACID,OF,5,PM
INFANTRY,ACID,OF,5,PM
AIRCRAFT,ACID,OF,5,PM
SQUADRON,AREA,OF,5,PM
RELOCATE,AREA,OF,5,PM
INFANTRY,AREA,OF,5,PM
AIRCRAFT,AREA,OF,5,PM
SQUADRON,FIRE,OF,5,PM
RELOCATE,FIRE,OF,5,PM
INFANTRY,FIRE,OF,5,PM
AIRCRAFT,FIRE,OF,5,PM
SQUADRON,SHIP,OF,5,PM
RELOCATE,SHIP,OF,5,PM
INFANTRY,SHIP,OF,5,PM
AIRCRAFT,SHIP,OF,5,PM
SQUADRON,WALK,OF,5,PM
RELOCATE,WALK,OF,5,PM
INFANTRY,WALK,OF,5,PM
AIRCRAFT,WALK,OF,5,PM
SQUADRON,JOHN,OF,5,PM
RELOCATE,JOHN,OF,5,PM
INFANTRY,JOHN,OF,5,PM
AIRCRAFT,JOHN,OF,5,PM
SQUADRON,MOVE,OF,5,PM
RELOCATE,MOVE,OF,5,PM
INFANTRY,MOVE,OF,5,PM
AIRCRAFT,MOVE,OF,5,PM
SQUADRON,CITY,OF,5,PM
RELOCATE,CITY,OF,5,PM
INFANTRY,CITY,OF,5,PM
AIRCRAFT,CITY,OF,5,PM
SQUADRON,JACK,OF,5,PM
RELOCATE,JACK,OF,5,PM
INFANTRY,JACK,OF,5,PM
AIRCRAFT,JACK,OF,5,PM
SQUADRON,FROM,OF,5,PM
RELOCATE,FROM,OF,5,PM
INFANTRY,FROM,OF,5,PM
AIRCRAFT,FROM,OF,5,PM
SQUADRON,WILL,OF,5,PM
RELOCATE,WILL,OF,5,PM
INFANTRY,WILL,OF,5,PM
AIRCRAFT,WILL,OF,5,PM
SQUADRON,LEFT,OF,5,PM
RELOCATE,LEFT,OF,5,PM
INFANTRY,LEFT,OF,5,PM
AIRCRAFT,LEFT,OF,5,PM
SQUADRON,EAST,OF,5,PM
RELOCATE,EAST,OF,5,PM
INFANTRY,EAST,OF,5,PM
AIRCRAFT,EAST,OF,5,PM
SQUADRON,WEST,OF,5,PM
RELOCATE,WEST,OF,5,PM
INFANTRY,WEST,OF,5,PM
AIRCRAFT,WEST,OF,5,PM
SQUADRON,TANK,OF,5,PM
RELOCATE,TANK,OF,5,PM
INFANTRY,TANK,OF,5,PM
AIRCRAFT,TANK,OF,5,PM
SQUADRON,ACID,GO,5,AM
RELOCATE,ACID,GO,5,AM
INFANTRY,ACID,GO,5,AM
AIRCRAFT,ACID,GO,5,AM
SQUADRON,AREA,GO,5,AM
RELOCATE,AREA,GO,5,AM
INFANTRY,AREA,GO,5,AM
AIRCRAFT,AREA,GO,5,AM
SQUADRON,FIRE,GO,5,AM
RELOCATE,FIRE,GO,5,AM
INFANTRY,FIRE,GO,5,AM
AIRCRAFT,FIRE,GO,5,AM
SQUADRON,SHIP,GO,5,AM
RELOCATE,SHIP,GO,5,AM
INFANTRY,SHIP,GO,5,AM
AIRCRAFT,SHIP,GO,5,AM
SQUADRON,WALK,GO,5,AM
RELOCATE,WALK,GO,5,AM
INFANTRY,WALK,GO,5,AM
AIRCRAFT,WALK,GO,5,AM
SQUADRON,JOHN,GO,5,AM
RELOCATE,JOHN,GO,5,AM
INFANTRY,JOHN,GO,5,AM
AIRCRAFT,JOHN,GO,5,AM
SQUADRON,MOVE,GO,5,AM
RELOCATE,MOVE,GO,5,AM
INFANTRY,MOVE,GO,5,AM
AIRCRAFT,MOVE,GO,5,AM
SQUADRON,CITY,GO,5,AM
RELOCATE,CITY,GO,5,AM
INFANTRY,CITY,GO,5,AM
AIRCRAFT,CITY,GO,5,AM
SQUADRON,JACK,GO,5,AM
RELOCATE,JACK,GO,5,AM
INFANTRY,JACK,GO,5,AM
AIRCRAFT,JACK,GO,5,AM
SQUADRON,FROM,GO,5,AM
RELOCATE,FROM,GO,5,AM
INFANTRY,FROM,GO,5,AM
AIRCRAFT,FROM,GO,5,AM
SQUADRON,WILL,GO,5,AM
RELOCATE,WILL,GO,5,AM
INFANTRY,WILL,GO,5,AM
AIRCRAFT,WILL,GO,5,AM
SQUADRON,LEFT,GO,5,AM
RELOCATE,LEFT,GO,5,AM
INFANTRY,LEFT,GO,5,AM
AIRCRAFT,LEFT,GO,5,AM
SQUADRON,EAST,GO,5,AM
RELOCATE,EAST,GO,5,AM
INFANTRY,EAST,GO,5,AM
AIRCRAFT,EAST,GO,5,AM
SQUADRON,WEST,GO,5,AM
RELOCATE,WEST,GO,5,AM
INFANTRY,WEST,GO,5,AM
AIRCRAFT,WEST,GO,5,AM
SQUADRON,TANK,GO,5,AM
RELOCATE,TANK,GO,5,AM
INFANTRY,TANK,GO,5,AM
AIRCRAFT,TANK,GO,5,AM
SQUADRON,ACID,PM,5,AM
RELOCATE,ACID,PM,5,AM
INFANTRY,ACID,PM,5,AM
AIRCRAFT,ACID,PM,5,AM
SQUADRON,AREA,PM,5,AM
RELOCATE,AREA,PM,5,AM
INFANTRY,AREA,PM,5,AM
AIRCRAFT,AREA,PM,5,AM
SQUADRON,FIRE,PM,5,AM
RELOCATE,FIRE,PM,5,AM
INFANTRY,FIRE,PM,5,AM
AIRCRAFT,FIRE,PM,5,AM
SQUADRON,SHIP,PM,5,AM
RELOCATE,SHIP,PM,5,AM
INFANTRY,SHIP,PM,5,AM
AIRCRAFT,SHIP,PM,5,AM
SQUADRON,WALK,PM,5,AM
RELOCATE,WALK,PM,5,AM
INFANTRY,WALK,PM,5,AM
AIRCRAFT,WALK,PM,5,AM
SQUADRON,JOHN,PM,5,AM
RELOCATE,JOHN,PM,5,AM
INFANTRY,JOHN,PM,5,AM
AIRCRAFT,JOHN,PM,5,AM
SQUADRON,MOVE,PM,5,AM
RELOCATE,MOVE,PM,5,AM
INFANTRY,MOVE,PM,5,AM
AIRCRAFT,MOVE,PM,5,AM
SQUADRON,CITY,PM,5,AM
RELOCATE,CITY,PM,5,AM
INFANTRY,CITY,PM,5,AM
AIRCRAFT,CITY,PM,5,AM
SQUADRON,JACK,PM,5,AM
RELOCATE,JACK,PM,5,AM
INFANTRY,JACK,PM,5,AM
AIRCRAFT,JACK,PM,5,AM
SQUADRON,FROM,PM,5,AM
RELOCATE,FROM,PM,5,AM
INFANTRY,FROM,PM,5,AM
AIRCRAFT,FROM,PM,5,AM
SQUADRON,WILL,PM,5,AM
RELOCATE,WILL,PM,5,AM
INFANTRY,WILL,PM,5,AM
AIRCRAFT,WILL,PM,5,AM
SQUADRON,LEFT,PM,5,AM
RELOCATE,LEFT,PM,5,AM
INFANTRY,LEFT,PM,5,AM
AIRCRAFT,LEFT,PM,5,AM
SQUADRON,EAST,PM,5,AM
RELOCATE,EAST,PM,5,AM
INFANTRY,EAST,PM,5,AM
AIRCRAFT,EAST,PM,5,AM
SQUADRON,WEST,PM,5,AM
RELOCATE,WEST,PM,5,AM
INFANTRY,WEST,PM,5,AM
AIRCRAFT,WEST,PM,5,AM
SQUADRON,TANK,PM,5,AM
RELOCATE,TANK,PM,5,AM
INFANTRY,TANK,PM,5,AM
AIRCRAFT,TANK,PM,5,AM
SQUADRON,ACID,AM,5,AM
RELOCATE,ACID,AM,5,AM
INFANTRY,ACID,AM,5,AM
AIRCRAFT,ACID,AM,5,AM
SQUADRON,AREA,AM,5,AM
RELOCATE,AREA,AM,5,AM
INFANTRY,AREA,AM,5,AM
AIRCRAFT,AREA,AM,5,AM
SQUADRON,FIRE,AM,5,AM
RELOCATE,FIRE,AM,5,AM
INFANTRY,FIRE,AM,5,AM
AIRCRAFT,FIRE,AM,5,AM
SQUADRON,SHIP,AM,5,AM
RELOCATE,SHIP,AM,5,AM
INFANTRY,SHIP,AM,5,AM
AIRCRAFT,SHIP,AM,5,AM
SQUADRON,WALK,AM,5,AM
RELOCATE,WALK,AM,5,AM
INFANTRY,WALK,AM,5,AM
AIRCRAFT,WALK,AM,5,AM
SQUADRON,JOHN,AM,5,AM
RELOCATE,JOHN,AM,5,AM
INFANTRY,JOHN,AM,5,AM
AIRCRAFT,JOHN,AM,5,AM
SQUADRON,MOVE,AM,5,AM
RELOCATE,MOVE,AM,5,AM
INFANTRY,MOVE,AM,5,AM
AIRCRAFT,MOVE,AM,5,AM
SQUADRON,CITY,AM,5,AM
RELOCATE,CITY,AM,5,AM
INFANTRY,CITY,AM,5,AM
AIRCRAFT,CITY,AM,5,AM
SQUADRON,JACK,AM,5,AM
RELOCATE,JACK,AM,5,AM
INFANTRY,JACK,AM,5,AM
AIRCRAFT,JACK,AM,5,AM
SQUADRON,FROM,AM,5,AM
RELOCATE,FROM,AM,5,AM
INFANTRY,FROM,AM,5,AM
AIRCRAFT,FROM,AM,5,AM
SQUADRON,WILL,AM,5,AM
RELOCATE,WILL,AM,5,AM
INFANTRY,WILL,AM,5,AM
AIRCRAFT,WILL,AM,5,AM
SQUADRON,LEFT,AM,5,AM
RELOCATE,LEFT,AM,5,AM
INFANTRY,LEFT,AM,5,AM
AIRCRAFT,LEFT,AM,5,AM
SQUADRON,EAST,AM,5,AM
RELOCATE,EAST,AM,5,AM
INFANTRY,EAST,AM,5,AM
AIRCRAFT,EAST,AM,5,AM
SQUADRON,WEST,AM,5,AM
RELOCATE,WEST,AM,5,AM
INFANTRY,WEST,AM,5,AM
AIRCRAFT,WEST,AM,5,AM
SQUADRON,TANK,AM,5,AM
RELOCATE,TANK,AM,5,AM
INFANTRY,TANK,AM,5,AM
AIRCRAFT,TANK,AM,5,AM
SQUADRON,ACID,AT,5,AM
RELOCATE,ACID,AT,5,AM
INFANTRY,ACID,AT,5,AM
AIRCRAFT,ACID,AT,5,AM
SQUADRON,AREA,AT,5,AM
RELOCATE,AREA,AT,5,AM
INFANTRY,AREA,AT,5,AM
AIRCRAFT,AREA,AT,5,AM
SQUADRON,FIRE,AT,5,AM
RELOCATE,FIRE,AT,5,AM
INFANTRY,FIRE,AT,5,AM
AIRCRAFT,FIRE,AT,5,AM
SQUADRON,SHIP,AT,5,AM
RELOCATE,SHIP,AT,5,AM
INFANTRY,SHIP,AT,5,AM
AIRCRAFT,SHIP,AT,5,AM
SQUADRON,WALK,AT,5,AM
RELOCATE,WALK,AT,5,AM
INFANTRY,WALK,AT,5,AM
AIRCRAFT,WALK,AT,5,AM
SQUADRON,JOHN,AT,5,AM
RELOCATE,JOHN,AT,5,AM
INFANTRY,JOHN,AT,5,AM
AIRCRAFT,JOHN,AT,5,AM
SQUADRON,MOVE,AT,5,AM
RELOCATE,MOVE,AT,5,AM
INFANTRY,MOVE,AT,5,AM
AIRCRAFT,MOVE,AT,5,AM
SQUADRON,CITY,AT,5,AM
RELOCATE,CITY,AT,5,AM
INFANTRY,CITY,AT,5,AM
AIRCRAFT,CITY,AT,5,AM
SQUADRON,JACK,AT,5,AM
RELOCATE,JACK,AT,5,AM
INFANTRY,JACK,AT,5,AM
AIRCRAFT,JACK,AT,5,AM
SQUADRON,FROM,AT,5,AM
RELOCATE,FROM,AT,5,AM
INFANTRY,FROM,AT,5,AM
AIRCRAFT,FROM,AT,5,AM
SQUADRON,WILL,AT,5,AM
RELOCATE,WILL,AT,5,AM
INFANTRY,WILL,AT,5,AM
AIRCRAFT,WILL,AT,5,AM
SQUADRON,LEFT,AT,5,AM
RELOCATE,LEFT,AT,5,AM
INFANTRY,LEFT,AT,5,AM
AIRCRAFT,LEFT,AT,5,AM
SQUADRON,EAST,AT,5,AM
RELOCATE,EAST,AT,5,AM
INFANTRY,EAST,AT,5,AM
AIRCRAFT,EAST,AT,5,AM
SQUADRON,WEST,AT,5,AM
RELOCATE,WEST,AT,5,AM
INFANTRY,WEST,AT,5,AM
AIRCRAFT,WEST,AT,5,AM
SQUADRON,TANK,AT,5,AM
RELOCATE,TANK,AT,5,AM
INFANTRY,TANK,AT,5,AM
AIRCRAFT,TANK,AT,5,AM
SQUADRON,ACID,TO,5,AM
RELOCATE,ACID,TO,5,AM
INFANTRY,ACID,TO,5,AM
AIRCRAFT,ACID,TO,5,AM
SQUADRON,AREA,TO,5,AM
RELOCATE,AREA,TO,5,AM
INFANTRY,AREA,TO,5,AM
AIRCRAFT,AREA,TO,5,AM
SQUADRON,FIRE,TO,5,AM
RELOCATE,FIRE,TO,5,AM
INFANTRY,FIRE,TO,5,AM
AIRCRAFT,FIRE,TO,5,AM
SQUADRON,SHIP,TO,5,AM
RELOCATE,SHIP,TO,5,AM
INFANTRY,SHIP,TO,5,AM
AIRCRAFT,SHIP,TO,5,AM
SQUADRON,WALK,TO,5,AM
RELOCATE,WALK,TO,5,AM
INFANTRY,WALK,TO,5,AM
AIRCRAFT,WALK,TO,5,AM
SQUADRON,JOHN,TO,5,AM
RELOCATE,JOHN,TO,5,AM
INFANTRY,JOHN,TO,5,AM
AIRCRAFT,JOHN,TO,5,AM
SQUADRON,MOVE,TO,5,AM
RELOCATE,MOVE,TO,5,AM
INFANTRY,MOVE,TO,5,AM
AIRCRAFT,MOVE,TO,5,AM
SQUADRON,CITY,TO,5,AM
RELOCATE,CITY,TO,5,AM
INFANTRY,CITY,TO,5,AM
AIRCRAFT,CITY,TO,5,AM
SQUADRON,JACK,TO,5,AM
RELOCATE,JACK,TO,5,AM
INFANTRY,JACK,TO,5,AM
AIRCRAFT,JACK,TO,5,AM
SQUADRON,FROM,TO,5,AM
RELOCATE,FROM,TO,5,AM
INFANTRY,FROM,TO,5,AM
AIRCRAFT,FROM,TO,5,AM
SQUADRON,WILL,TO,5,AM
RELOCATE,WILL,TO,5,AM
INFANTRY,WILL,TO,5,AM
AIRCRAFT,WILL,TO,5,AM
SQUADRON,LEFT,TO,5,AM
RELOCATE,LEFT,TO,5,AM
INFANTRY,LEFT,TO,5,AM
AIRCRAFT,LEFT,TO,5,AM
SQUADRON,EAST,TO,5,AM
RELOCATE,EAST,TO,5,AM
INFANTRY,EAST,TO,5,AM
AIRCRAFT,EAST,TO,5,AM
SQUADRON,WEST,TO,5,AM
RELOCATE,WEST,TO,5,AM
INFANTRY,WEST,TO,5,AM
AIRCRAFT,WEST,TO,5,AM
SQUADRON,TANK,TO,5,AM
RELOCATE,TANK,TO,5,AM
INFANTRY,TANK,TO,5,AM
AIRCRAFT,TANK,TO,5,AM
SQUADRON,ACID,IN,5,AM
RELOCATE,ACID,IN,5,AM
INFANTRY,ACID,IN,5,AM
AIRCRAFT,ACID,IN,5,AM
SQUADRON,AREA,IN,5,AM
RELOCATE,AREA,IN,5,AM
INFANTRY,AREA,IN,5,AM
AIRCRAFT,AREA,IN,5,AM
SQUADRON,FIRE,IN,5,AM
RELOCATE,FIRE,IN,5,AM
INFANTRY,FIRE,IN,5,AM
AIRCRAFT,FIRE,IN,5,AM
SQUADRON,SHIP,IN,5,AM
RELOCATE,SHIP,IN,5,AM
INFANTRY,SHIP,IN,5,AM
AIRCRAFT,SHIP,IN,5,AM
SQUADRON,WALK,IN,5,AM
RELOCATE,WALK,IN,5,AM
INFANTRY,WALK,IN,5,AM
AIRCRAFT,WALK,IN,5,AM
SQUADRON,JOHN,IN,5,AM
RELOCATE,JOHN,IN,5,AM
INFANTRY,JOHN,IN,5,AM
AIRCRAFT,JOHN,IN,5,AM
SQUADRON,MOVE,IN,5,AM
RELOCATE,MOVE,IN,5,AM
INFANTRY,MOVE,IN,5,AM
AIRCRAFT,MOVE,IN,5,AM
SQUADRON,CITY,IN,5,AM
RELOCATE,CITY,IN,5,AM
INFANTRY,CITY,IN,5,AM
AIRCRAFT,CITY,IN,5,AM
SQUADRON,JACK,IN,5,AM
RELOCATE,JACK,IN,5,AM
INFANTRY,JACK,IN,5,AM
AIRCRAFT,JACK,IN,5,AM
SQUADRON,FROM,IN,5,AM
RELOCATE,FROM,IN,5,AM
INFANTRY,FROM,IN,5,AM
AIRCRAFT,FROM,IN,5,AM
SQUADRON,WILL,IN,5,AM
RELOCATE,WILL,IN,5,AM
INFANTRY,WILL,IN,5,AM
AIRCRAFT,WILL,IN,5,AM
SQUADRON,LEFT,IN,5,AM
RELOCATE,LEFT,IN,5,AM
INFANTRY,LEFT,IN,5,AM
AIRCRAFT,LEFT,IN,5,AM
SQUADRON,EAST,IN,5,AM
RELOCATE,EAST,IN,5,AM
INFANTRY,EAST,IN,5,AM
AIRCRAFT,EAST,IN,5,AM
SQUADRON,WEST,IN,5,AM
RELOCATE,WEST,IN,5,AM
INFANTRY,WEST,IN,5,AM
AIRCRAFT,WEST,IN,5,AM
SQUADRON,TANK,IN,5,AM
RELOCATE,TANK,IN,5,AM
INFANTRY,TANK,IN,5,AM
AIRCRAFT,TANK,IN,5,AM
SQUADRON,ACID,OF,5,AM
RELOCATE,ACID,OF,5,AM
INFANTRY,ACID,OF,5,AM
AIRCRAFT,ACID,OF,5,AM
SQUADRON,AREA,OF,5,AM
RELOCATE,AREA,OF,5,AM
INFANTRY,AREA,OF,5,AM
AIRCRAFT,AREA,OF,5,AM
SQUADRON,FIRE,OF,5,AM
RELOCATE,FIRE,OF,5,AM
INFANTRY,FIRE,OF,5,AM
AIRCRAFT,FIRE,OF,5,AM
SQUADRON,SHIP,OF,5,AM
RELOCATE,SHIP,OF,5,AM
INFANTRY,SHIP,OF,5,AM
AIRCRAFT,SHIP,OF,5,AM
SQUADRON,WALK,OF,5,AM
RELOCATE,WALK,OF,5,AM
INFANTRY,WALK,OF,5,AM
AIRCRAFT,WALK,OF,5,AM
SQUADRON,JOHN,OF,5,AM
RELOCATE,JOHN,OF,5,AM
INFANTRY,JOHN,OF,5,AM
AIRCRAFT,JOHN,OF,5,AM
SQUADRON,MOVE,OF,5,AM
RELOCATE,MOVE,OF,5,AM
INFANTRY,MOVE,OF,5,AM
AIRCRAFT,MOVE,OF,5,AM
SQUADRON,CITY,OF,5,AM
RELOCATE,CITY,OF,5,AM
INFANTRY,CITY,OF,5,AM
AIRCRAFT,CITY,OF,5,AM
SQUADRON,JACK,OF,5,AM
RELOCATE,JACK,OF,5,AM
INFANTRY,JACK,OF,5,AM
AIRCRAFT,JACK,OF,5,AM
SQUADRON,FROM,OF,5,AM
RELOCATE,FROM,OF,5,AM
INFANTRY,FROM,OF,5,AM
AIRCRAFT,FROM,OF,5,AM
SQUADRON,WILL,OF,5,AM
RELOCATE,WILL,OF,5,AM
INFANTRY,WILL,OF,5,AM
AIRCRAFT,WILL,OF,5,AM
SQUADRON,LEFT,OF,5,AM
RELOCATE,LEFT,OF,5,AM
INFANTRY,LEFT,OF,5,AM
AIRCRAFT,LEFT,OF,5,AM
SQUADRON,EAST,OF,5,AM
RELOCATE,EAST,OF,5,AM
INFANTRY,EAST,OF,5,AM
AIRCRAFT,EAST,OF,5,AM
SQUADRON,WEST,OF,5,AM
RELOCATE,WEST,OF,5,AM
INFANTRY,WEST,OF,5,AM
AIRCRAFT,WEST,OF,5,AM
SQUADRON,TANK,OF,5,AM
RELOCATE,TANK,OF,5,AM
INFANTRY,TANK,OF,5,AM
AIRCRAFT,TANK,OF,5,AM
SQUADRON,ACID,GO,5,AT
RELOCATE,ACID,GO,5,AT
INFANTRY,ACID,GO,5,AT
AIRCRAFT,ACID,GO,5,AT
SQUADRON,AREA,GO,5,AT
RELOCATE,AREA,GO,5,AT
INFANTRY,AREA,GO,5,AT
AIRCRAFT,AREA,GO,5,AT
SQUADRON,FIRE,GO,5,AT
RELOCATE,FIRE,GO,5,AT
INFANTRY,FIRE,GO,5,AT
AIRCRAFT,FIRE,GO,5,AT
SQUADRON,SHIP,GO,5,AT
RELOCATE,SHIP,GO,5,AT
INFANTRY,SHIP,GO,5,AT
AIRCRAFT,SHIP,GO,5,AT
SQUADRON,WALK,GO,5,AT
RELOCATE,WALK,GO,5,AT
INFANTRY,WALK,GO,5,AT
AIRCRAFT,WALK,GO,5,AT
SQUADRON,JOHN,GO,5,AT
RELOCATE,JOHN,GO,5,AT
INFANTRY,JOHN,GO,5,AT
AIRCRAFT,JOHN,GO,5,AT
SQUADRON,MOVE,GO,5,AT
RELOCATE,MOVE,GO,5,AT
INFANTRY,MOVE,GO,5,AT
AIRCRAFT,MOVE,GO,5,AT
SQUADRON,CITY,GO,5,AT
RELOCATE,CITY,GO,5,AT
INFANTRY,CITY,GO,5,AT
AIRCRAFT,CITY,GO,5,AT
SQUADRON,JACK,GO,5,AT
RELOCATE,JACK,GO,5,AT
INFANTRY,JACK,GO,5,AT
AIRCRAFT,JACK,GO,5,AT
SQUADRON,FROM,GO,5,AT
RELOCATE,FROM,GO,5,AT
INFANTRY,FROM,GO,5,AT
AIRCRAFT,FROM,GO,5,AT
SQUADRON,WILL,GO,5,AT
RELOCATE,WILL,GO,5,AT
INFANTRY,WILL,GO,5,AT
AIRCRAFT,WILL,GO,5,AT
SQUADRON,LEFT,GO,5,AT
RELOCATE,LEFT,GO,5,AT
INFANTRY,LEFT,GO,5,AT
AIRCRAFT,LEFT,GO,5,AT
SQUADRON,EAST,GO,5,AT
RELOCATE,EAST,GO,5,AT
INFANTRY,EAST,GO,5,AT
AIRCRAFT,EAST,GO,5,AT
SQUADRON,WEST,GO,5,AT
RELOCATE,WEST,GO,5,AT
INFANTRY,WEST,GO,5,AT
AIRCRAFT,WEST,GO,5,AT
SQUADRON,TANK,GO,5,AT
RELOCATE,TANK,GO,5,AT
INFANTRY,TANK,GO,5,AT
AIRCRAFT,TANK,GO,5,AT
SQUADRON,ACID,PM,5,AT
RELOCATE,ACID,PM,5,AT
INFANTRY,ACID,PM,5,AT
AIRCRAFT,ACID,PM,5,AT
SQUADRON,AREA,PM,5,AT
RELOCATE,AREA,PM,5,AT
INFANTRY,AREA,PM,5,AT
AIRCRAFT,AREA,PM,5,AT
SQUADRON,FIRE,PM,5,AT
RELOCATE,FIRE,PM,5,AT
INFANTRY,FIRE,PM,5,AT
AIRCRAFT,FIRE,PM,5,AT
SQUADRON,SHIP,PM,5,AT
RELOCATE,SHIP,PM,5,AT
INFANTRY,SHIP,PM,5,AT
AIRCRAFT,SHIP,PM,5,AT
SQUADRON,WALK,PM,5,AT
RELOCATE,WALK,PM,5,AT
INFANTRY,WALK,PM,5,AT
AIRCRAFT,WALK,PM,5,AT
SQUADRON,JOHN,PM,5,AT
RELOCATE,JOHN,PM,5,AT
INFANTRY,JOHN,PM,5,AT
AIRCRAFT,JOHN,PM,5,AT
SQUADRON,MOVE,PM,5,AT
RELOCATE,MOVE,PM,5,AT
INFANTRY,MOVE,PM,5,AT
AIRCRAFT,MOVE,PM,5,AT
SQUADRON,CITY,PM,5,AT
RELOCATE,CITY,PM,5,AT
INFANTRY,CITY,PM,5,AT
AIRCRAFT,CITY,PM,5,AT
SQUADRON,JACK,PM,5,AT
RELOCATE,JACK,PM,5,AT
INFANTRY,JACK,PM,5,AT
AIRCRAFT,JACK,PM,5,AT
SQUADRON,FROM,PM,5,AT
RELOCATE,FROM,PM,5,AT
INFANTRY,FROM,PM,5,AT
AIRCRAFT,FROM,PM,5,AT
SQUADRON,WILL,PM,5,AT
RELOCATE,WILL,PM,5,AT
INFANTRY,WILL,PM,5,AT
AIRCRAFT,WILL,PM,5,AT
SQUADRON,LEFT,PM,5,AT
RELOCATE,LEFT,PM,5,AT
INFANTRY,LEFT,PM,5,AT
AIRCRAFT,LEFT,PM,5,AT
SQUADRON,EAST,PM,5,AT
RELOCATE,EAST,PM,5,AT
INFANTRY,EAST,PM,5,AT
AIRCRAFT,EAST,PM,5,AT
SQUADRON,WEST,PM,5,AT
RELOCATE,WEST,PM,5,AT
INFANTRY,WEST,PM,5,AT
AIRCRAFT,WEST,PM,5,AT
SQUADRON,TANK,PM,5,AT
RELOCATE,TANK,PM,5,AT
INFANTRY,TANK,PM,5,AT
AIRCRAFT,TANK,PM,5,AT
SQUADRON,ACID,AM,5,AT
RELOCATE,ACID,AM,5,AT
INFANTRY,ACID,AM,5,AT
AIRCRAFT,ACID,AM,5,AT
SQUADRON,AREA,AM,5,AT
RELOCATE,AREA,AM,5,AT
INFANTRY,AREA,AM,5,AT
AIRCRAFT,AREA,AM,5,AT
SQUADRON,FIRE,AM,5,AT
RELOCATE,FIRE,AM,5,AT
INFANTRY,FIRE,AM,5,AT
AIRCRAFT,FIRE,AM,5,AT
SQUADRON,SHIP,AM,5,AT
RELOCATE,SHIP,AM,5,AT
INFANTRY,SHIP,AM,5,AT
AIRCRAFT,SHIP,AM,5,AT
SQUADRON,WALK,AM,5,AT
RELOCATE,WALK,AM,5,AT
INFANTRY,WALK,AM,5,AT
AIRCRAFT,WALK,AM,5,AT
SQUADRON,JOHN,AM,5,AT
RELOCATE,JOHN,AM,5,AT
INFANTRY,JOHN,AM,5,AT
AIRCRAFT,JOHN,AM,5,AT
SQUADRON,MOVE,AM,5,AT
RELOCATE,MOVE,AM,5,AT
INFANTRY,MOVE,AM,5,AT
AIRCRAFT,MOVE,AM,5,AT
SQUADRON,CITY,AM,5,AT
RELOCATE,CITY,AM,5,AT
INFANTRY,CITY,AM,5,AT
AIRCRAFT,CITY,AM,5,AT
SQUADRON,JACK,AM,5,AT
RELOCATE,JACK,AM,5,AT
INFANTRY,JACK,AM,5,AT
AIRCRAFT,JACK,AM,5,AT
SQUADRON,FROM,AM,5,AT
RELOCATE,FROM,AM,5,AT
INFANTRY,FROM,AM,5,AT
AIRCRAFT,FROM,AM,5,AT
SQUADRON,WILL,AM,5,AT
RELOCATE,WILL,AM,5,AT
INFANTRY,WILL,AM,5,AT
AIRCRAFT,WILL,AM,5,AT
SQUADRON,LEFT,AM,5,AT
RELOCATE,LEFT,AM,5,AT
INFANTRY,LEFT,AM,5,AT
AIRCRAFT,LEFT,AM,5,AT
SQUADRON,EAST,AM,5,AT
RELOCATE,EAST,AM,5,AT
INFANTRY,EAST,AM,5,AT
AIRCRAFT,EAST,AM,5,AT
SQUADRON,WEST,AM,5,AT
RELOCATE,WEST,AM,5,AT
INFANTRY,WEST,AM,5,AT
AIRCRAFT,WEST,AM,5,AT
SQUADRON,TANK,AM,5,AT
RELOCATE,TANK,AM,5,AT
INFANTRY,TANK,AM,5,AT
AIRCRAFT,TANK,AM,5,AT
SQUADRON,ACID,AT,5,AT
RELOCATE,ACID,AT,5,AT
INFANTRY,ACID,AT,5,AT
AIRCRAFT,ACID,AT,5,AT
SQUADRON,AREA,AT,5,AT
RELOCATE,AREA,AT,5,AT
INFANTRY,AREA,AT,5,AT
AIRCRAFT,AREA,AT,5,AT
SQUADRON,FIRE,AT,5,AT
RELOCATE,FIRE,AT,5,AT
INFANTRY,FIRE,AT,5,AT
AIRCRAFT,FIRE,AT,5,AT
SQUADRON,SHIP,AT,5,AT
RELOCATE,SHIP,AT,5,AT
INFANTRY,SHIP,AT,5,AT
AIRCRAFT,SHIP,AT,5,AT
SQUADRON,WALK,AT,5,AT
RELOCATE,WALK,AT,5,AT
INFANTRY,WALK,AT,5,AT
AIRCRAFT,WALK,AT,5,AT
SQUADRON,JOHN,AT,5,AT
RELOCATE,JOHN,AT,5,AT
INFANTRY,JOHN,AT,5,AT
AIRCRAFT,JOHN,AT,5,AT
SQUADRON,MOVE,AT,5,AT
RELOCATE,MOVE,AT,5,AT
INFANTRY,MOVE,AT,5,AT
AIRCRAFT,MOVE,AT,5,AT
SQUADRON,CITY,AT,5,AT
RELOCATE,CITY,AT,5,AT
INFANTRY,CITY,AT,5,AT
AIRCRAFT,CITY,AT,5,AT
SQUADRON,JACK,AT,5,AT
RELOCATE,JACK,AT,5,AT
INFANTRY,JACK,AT,5,AT
AIRCRAFT,JACK,AT,5,AT
SQUADRON,FROM,AT,5,AT
RELOCATE,FROM,AT,5,AT
INFANTRY,FROM,AT,5,AT
AIRCRAFT,FROM,AT,5,AT
SQUADRON,WILL,AT,5,AT
RELOCATE,WILL,AT,5,AT
INFANTRY,WILL,AT,5,AT
AIRCRAFT,WILL,AT,5,AT
SQUADRON,LEFT,AT,5,AT
RELOCATE,LEFT,AT,5,AT
INFANTRY,LEFT,AT,5,AT
AIRCRAFT,LEFT,AT,5,AT
SQUADRON,EAST,AT,5,AT
RELOCATE,EAST,AT,5,AT
INFANTRY,EAST,AT,5,AT
AIRCRAFT,EAST,AT,5,AT
SQUADRON,WEST,AT,5,AT
RELOCATE,WEST,AT,5,AT
INFANTRY,WEST,AT,5,AT
AIRCRAFT,WEST,AT,5,AT
SQUADRON,TANK,AT,5,AT
RELOCATE,TANK,AT,5,AT
INFANTRY,TANK,AT,5,AT
AIRCRAFT,TANK,AT,5,AT
SQUADRON,ACID,TO,5,AT
RELOCATE,ACID,TO,5,AT
INFANTRY,ACID,TO,5,AT
AIRCRAFT,ACID,TO,5,AT
SQUADRON,AREA,TO,5,AT
RELOCATE,AREA,TO,5,AT
INFANTRY,AREA,TO,5,AT
AIRCRAFT,AREA,TO,5,AT
SQUADRON,FIRE,TO,5,AT
RELOCATE,FIRE,TO,5,AT
INFANTRY,FIRE,TO,5,AT
AIRCRAFT,FIRE,TO,5,AT
SQUADRON,SHIP,TO,5,AT
RELOCATE,SHIP,TO,5,AT
INFANTRY,SHIP,TO,5,AT
AIRCRAFT,SHIP,TO,5,AT
SQUADRON,WALK,TO,5,AT
RELOCATE,WALK,TO,5,AT
INFANTRY,WALK,TO,5,AT
AIRCRAFT,WALK,TO,5,AT
SQUADRON,JOHN,TO,5,AT
RELOCATE,JOHN,TO,5,AT
INFANTRY,JOHN,TO,5,AT
AIRCRAFT,JOHN,TO,5,AT
SQUADRON,MOVE,TO,5,AT
RELOCATE,MOVE,TO,5,AT
INFANTRY,MOVE,TO,5,AT
AIRCRAFT,MOVE,TO,5,AT
SQUADRON,CITY,TO,5,AT
RELOCATE,CITY,TO,5,AT
INFANTRY,CITY,TO,5,AT
AIRCRAFT,CITY,TO,5,AT
SQUADRON,JACK,TO,5,AT
RELOCATE,JACK,TO,5,AT
INFANTRY,JACK,TO,5,AT
AIRCRAFT,JACK,TO,5,AT
SQUADRON,FROM,TO,5,AT
RELOCATE,FROM,TO,5,AT
INFANTRY,FROM,TO,5,AT
AIRCRAFT,FROM,TO,5,AT
SQUADRON,WILL,TO,5,AT
RELOCATE,WILL,TO,5,AT
INFANTRY,WILL,TO,5,AT
AIRCRAFT,WILL,TO,5,AT
SQUADRON,LEFT,TO,5,AT
RELOCATE,LEFT,TO,5,AT
INFANTRY,LEFT,TO,5,AT
AIRCRAFT,LEFT,TO,5,AT
SQUADRON,EAST,TO,5,AT
RELOCATE,EAST,TO,5,AT
INFANTRY,EAST,TO,5,AT
AIRCRAFT,EAST,TO,5,AT
SQUADRON,WEST,TO,5,AT
RELOCATE,WEST,TO,5,AT
INFANTRY,WEST,TO,5,AT
AIRCRAFT,WEST,TO,5,AT
SQUADRON,TANK,TO,5,AT
RELOCATE,TANK,TO,5,AT
INFANTRY,TANK,TO,5,AT
AIRCRAFT,TANK,TO,5,AT
SQUADRON,ACID,IN,5,AT
RELOCATE,ACID,IN,5,AT
INFANTRY,ACID,IN,5,AT
AIRCRAFT,ACID,IN,5,AT
SQUADRON,AREA,IN,5,AT
RELOCATE,AREA,IN,5,AT
INFANTRY,AREA,IN,5,AT
AIRCRAFT,AREA,IN,5,AT
SQUADRON,FIRE,IN,5,AT
RELOCATE,FIRE,IN,5,AT
INFANTRY,FIRE,IN,5,AT
AIRCRAFT,FIRE,IN,5,AT
SQUADRON,SHIP,IN,5,AT
RELOCATE,SHIP,IN,5,AT
INFANTRY,SHIP,IN,5,AT
AIRCRAFT,SHIP,IN,5,AT
SQUADRON,WALK,IN,5,AT
RELOCATE,WALK,IN,5,AT
INFANTRY,WALK,IN,5,AT
AIRCRAFT,WALK,IN,5,AT
SQUADRON,JOHN,IN,5,AT
RELOCATE,JOHN,IN,5,AT
INFANTRY,JOHN,IN,5,AT
AIRCRAFT,JOHN,IN,5,AT
SQUADRON,MOVE,IN,5,AT
RELOCATE,MOVE,IN,5,AT
INFANTRY,MOVE,IN,5,AT
AIRCRAFT,MOVE,IN,5,AT
SQUADRON,CITY,IN,5,AT
RELOCATE,CITY,IN,5,AT
INFANTRY,CITY,IN,5,AT
AIRCRAFT,CITY,IN,5,AT
SQUADRON,JACK,IN,5,AT
RELOCATE,JACK,IN,5,AT
INFANTRY,JACK,IN,5,AT
AIRCRAFT,JACK,IN,5,AT
SQUADRON,FROM,IN,5,AT
RELOCATE,FROM,IN,5,AT
INFANTRY,FROM,IN,5,AT
AIRCRAFT,FROM,IN,5,AT
SQUADRON,WILL,IN,5,AT
RELOCATE,WILL,IN,5,AT
INFANTRY,WILL,IN,5,AT
AIRCRAFT,WILL,IN,5,AT
SQUADRON,LEFT,IN,5,AT
RELOCATE,LEFT,IN,5,AT
INFANTRY,LEFT,IN,5,AT
AIRCRAFT,LEFT,IN,5,AT
SQUADRON,EAST,IN,5,AT
RELOCATE,EAST,IN,5,AT
INFANTRY,EAST,IN,5,AT
AIRCRAFT,EAST,IN,5,AT
SQUADRON,WEST,IN,5,AT
RELOCATE,WEST,IN,5,AT
INFANTRY,WEST,IN,5,AT
AIRCRAFT,WEST,IN,5,AT
SQUADRON,TANK,IN,5,AT
RELOCATE,TANK,IN,5,AT
INFANTRY,TANK,IN,5,AT
AIRCRAFT,TANK,IN,5,AT
SQUADRON,ACID,OF,5,AT
RELOCATE,ACID,OF,5,AT
INFANTRY,ACID,OF,5,AT
AIRCRAFT,ACID,OF,5,AT
SQUADRON,AREA,OF,5,AT
RELOCATE,AREA,OF,5,AT
INFANTRY,AREA,OF,5,AT
AIRCRAFT,AREA,OF,5,AT
SQUADRON,FIRE,OF,5,AT
RELOCATE,FIRE,OF,5,AT
INFANTRY,FIRE,OF,5,AT
AIRCRAFT,FIRE,OF,5,AT
SQUADRON,SHIP,OF,5,AT
RELOCATE,SHIP,OF,5,AT
INFANTRY,SHIP,OF,5,AT
AIRCRAFT,SHIP,OF,5,AT
SQUADRON,WALK,OF,5,AT
RELOCATE,WALK,OF,5,AT
INFANTRY,WALK,OF,5,AT
AIRCRAFT,WALK,OF,5,AT
SQUADRON,JOHN,OF,5,AT
RELOCATE,JOHN,OF,5,AT
INFANTRY,JOHN,OF,5,AT
AIRCRAFT,JOHN,OF,5,AT
SQUADRON,MOVE,OF,5,AT
RELOCATE,MOVE,OF,5,AT
INFANTRY,MOVE,OF,5,AT
AIRCRAFT,MOVE,OF,5,AT
SQUADRON,CITY,OF,5,AT
RELOCATE,CITY,OF,5,AT
INFANTRY,CITY,OF,5,AT
AIRCRAFT,CITY,OF,5,AT
SQUADRON,JACK,OF,5,AT
RELOCATE,JACK,OF,5,AT
INFANTRY,JACK,OF,5,AT
AIRCRAFT,JACK,OF,5,AT
SQUADRON,FROM,OF,5,AT
RELOCATE,FROM,OF,5,AT
INFANTRY,FROM,OF,5,AT
AIRCRAFT,FROM,OF,5,AT
SQUADRON,WILL,OF,5,AT
RELOCATE,WILL,OF,5,AT
INFANTRY,WILL,OF,5,AT
AIRCRAFT,WILL,OF,5,AT
SQUADRON,LEFT,OF,5,AT
RELOCATE,LEFT,OF,5,AT
INFANTRY,LEFT,OF,5,AT
AIRCRAFT,LEFT,OF,5,AT
SQUADRON,EAST,OF,5,AT
RELOCATE,EAST,OF,5,AT
INFANTRY,EAST,OF,5,AT
AIRCRAFT,EAST,OF,5,AT
SQUADRON,WEST,OF,5,AT
RELOCATE,WEST,OF,5,AT
INFANTRY,WEST,OF,5,AT
AIRCRAFT,WEST,OF,5,AT
SQUADRON,TANK,OF,5,AT
RELOCATE,TANK,OF,5,AT
INFANTRY,TANK,OF,5,AT
AIRCRAFT,TANK,OF,5,AT
SQUADRON,ACID,GO,5,TO
RELOCATE,ACID,GO,5,TO
INFANTRY,ACID,GO,5,TO
AIRCRAFT,ACID,GO,5,TO
SQUADRON,AREA,GO,5,TO
RELOCATE,AREA,GO,5,TO
INFANTRY,AREA,GO,5,TO
AIRCRAFT,AREA,GO,5,TO
SQUADRON,FIRE,GO,5,TO
RELOCATE,FIRE,GO,5,TO
INFANTRY,FIRE,GO,5,TO
AIRCRAFT,FIRE,GO,5,TO
SQUADRON,SHIP,GO,5,TO
RELOCATE,SHIP,GO,5,TO
INFANTRY,SHIP,GO,5,TO
AIRCRAFT,SHIP,GO,5,TO
SQUADRON,WALK,GO,5,TO
RELOCATE,WALK,GO,5,TO
INFANTRY,WALK,GO,5,TO
AIRCRAFT,WALK,GO,5,TO
SQUADRON,JOHN,GO,5,TO
RELOCATE,JOHN,GO,5,TO
INFANTRY,JOHN,GO,5,TO
AIRCRAFT,JOHN,GO,5,TO
SQUADRON,MOVE,GO,5,TO
RELOCATE,MOVE,GO,5,TO
INFANTRY,MOVE,GO,5,TO
AIRCRAFT,MOVE,GO,5,TO
SQUADRON,CITY,GO,5,TO
RELOCATE,CITY,GO,5,TO
INFANTRY,CITY,GO,5,TO
AIRCRAFT,CITY,GO,5,TO
SQUADRON,JACK,GO,5,TO
RELOCATE,JACK,GO,5,TO
INFANTRY,JACK,GO,5,TO
AIRCRAFT,JACK,GO,5,TO
SQUADRON,FROM,GO,5,TO
RELOCATE,FROM,GO,5,TO
INFANTRY,FROM,GO,5,TO
AIRCRAFT,FROM,GO,5,TO
SQUADRON,WILL,GO,5,TO
RELOCATE,WILL,GO,5,TO
INFANTRY,WILL,GO,5,TO
AIRCRAFT,WILL,GO,5,TO
SQUADRON,LEFT,GO,5,TO
RELOCATE,LEFT,GO,5,TO
INFANTRY,LEFT,GO,5,TO
AIRCRAFT,LEFT,GO,5,TO
SQUADRON,EAST,GO,5,TO
RELOCATE,EAST,GO,5,TO
INFANTRY,EAST,GO,5,TO
AIRCRAFT,EAST,GO,5,TO
SQUADRON,WEST,GO,5,TO
RELOCATE,WEST,GO,5,TO
INFANTRY,WEST,GO,5,TO
AIRCRAFT,WEST,GO,5,TO
SQUADRON,TANK,GO,5,TO
RELOCATE,TANK,GO,5,TO
INFANTRY,TANK,GO,5,TO
AIRCRAFT,TANK,GO,5,TO
SQUADRON,ACID,PM,5,TO
RELOCATE,ACID,PM,5,TO
INFANTRY,ACID,PM,5,TO
AIRCRAFT,ACID,PM,5,TO
SQUADRON,AREA,PM,5,TO
RELOCATE,AREA,PM,5,TO
INFANTRY,AREA,PM,5,TO
AIRCRAFT,AREA,PM,5,TO
SQUADRON,FIRE,PM,5,TO
RELOCATE,FIRE,PM,5,TO
INFANTRY,FIRE,PM,5,TO
AIRCRAFT,FIRE,PM,5,TO
SQUADRON,SHIP,PM,5,TO
RELOCATE,SHIP,PM,5,TO
INFANTRY,SHIP,PM,5,TO
AIRCRAFT,SHIP,PM,5,TO
SQUADRON,WALK,PM,5,TO
RELOCATE,WALK,PM,5,TO
INFANTRY,WALK,PM,5,TO
AIRCRAFT,WALK,PM,5,TO
SQUADRON,JOHN,PM,5,TO
RELOCATE,JOHN,PM,5,TO
INFANTRY,JOHN,PM,5,TO
AIRCRAFT,JOHN,PM,5,TO
SQUADRON,MOVE,PM,5,TO
RELOCATE,MOVE,PM,5,TO
INFANTRY,MOVE,PM,5,TO
AIRCRAFT,MOVE,PM,5,TO
SQUADRON,CITY,PM,5,TO
RELOCATE,CITY,PM,5,TO
INFANTRY,CITY,PM,5,TO
AIRCRAFT,CITY,PM,5,TO
SQUADRON,JACK,PM,5,TO
RELOCATE,JACK,PM,5,TO
INFANTRY,JACK,PM,5,TO
AIRCRAFT,JACK,PM,5,TO
SQUADRON,FROM,PM,5,TO
RELOCATE,FROM,PM,5,TO
INFANTRY,FROM,PM,5,TO
AIRCRAFT,FROM,PM,5,TO
SQUADRON,WILL,PM,5,TO
RELOCATE,WILL,PM,5,TO
INFANTRY,WILL,PM,5,TO
AIRCRAFT,WILL,PM,5,TO
SQUADRON,LEFT,PM,5,TO
RELOCATE,LEFT,PM,5,TO
INFANTRY,LEFT,PM,5,TO
AIRCRAFT,LEFT,PM,5,TO
SQUADRON,EAST,PM,5,TO
RELOCATE,EAST,PM,5,TO
INFANTRY,EAST,PM,5,TO
AIRCRAFT,EAST,PM,5,TO
SQUADRON,WEST,PM,5,TO
RELOCATE,WEST,PM,5,TO
INFANTRY,WEST,PM,5,TO
AIRCRAFT,WEST,PM,5,TO
SQUADRON,TANK,PM,5,TO
RELOCATE,TANK,PM,5,TO
INFANTRY,TANK,PM,5,TO
AIRCRAFT,TANK,PM,5,TO
SQUADRON,ACID,AM,5,TO
RELOCATE,ACID,AM,5,TO
INFANTRY,ACID,AM,5,TO
AIRCRAFT,ACID,AM,5,TO
SQUADRON,AREA,AM,5,TO
RELOCATE,AREA,AM,5,TO
INFANTRY,AREA,AM,5,TO
AIRCRAFT,AREA,AM,5,TO
SQUADRON,FIRE,AM,5,TO
RELOCATE,FIRE,AM,5,TO
INFANTRY,FIRE,AM,5,TO
AIRCRAFT,FIRE,AM,5,TO
SQUADRON,SHIP,AM,5,TO
RELOCATE,SHIP,AM,5,TO
INFANTRY,SHIP,AM,5,TO
AIRCRAFT,SHIP,AM,5,TO
SQUADRON,WALK,AM,5,TO
RELOCATE,WALK,AM,5,TO
INFANTRY,WALK,AM,5,TO
AIRCRAFT,WALK,AM,5,TO
SQUADRON,JOHN,AM,5,TO
RELOCATE,JOHN,AM,5,TO
INFANTRY,JOHN,AM,5,TO
AIRCRAFT,JOHN,AM,5,TO
SQUADRON,MOVE,AM,5,TO
RELOCATE,MOVE,AM,5,TO
INFANTRY,MOVE,AM,5,TO
AIRCRAFT,MOVE,AM,5,TO
SQUADRON,CITY,AM,5,TO
RELOCATE,CITY,AM,5,TO
INFANTRY,CITY,AM,5,TO
AIRCRAFT,CITY,AM,5,TO
SQUADRON,JACK,AM,5,TO
RELOCATE,JACK,AM,5,TO
INFANTRY,JACK,AM,5,TO
AIRCRAFT,JACK,AM,5,TO
SQUADRON,FROM,AM,5,TO
RELOCATE,FROM,AM,5,TO
INFANTRY,FROM,AM,5,TO
AIRCRAFT,FROM,AM,5,TO
SQUADRON,WILL,AM,5,TO
RELOCATE,WILL,AM,5,TO
INFANTRY,WILL,AM,5,TO
AIRCRAFT,WILL,AM,5,TO
SQUADRON,LEFT,AM,5,TO
RELOCATE,LEFT,AM,5,TO
INFANTRY,LEFT,AM,5,TO
AIRCRAFT,LEFT,AM,5,TO
SQUADRON,EAST,AM,5,TO
RELOCATE,EAST,AM,5,TO
INFANTRY,EAST,AM,5,TO
AIRCRAFT,EAST,AM,5,TO
SQUADRON,WEST,AM,5,TO
RELOCATE,WEST,AM,5,TO
INFANTRY,WEST,AM,5,TO
AIRCRAFT,WEST,AM,5,TO
SQUADRON,TANK,AM,5,TO
RELOCATE,TANK,AM,5,TO
INFANTRY,TANK,AM,5,TO
AIRCRAFT,TANK,AM,5,TO
SQUADRON,ACID,AT,5,TO
RELOCATE,ACID,AT,5,TO
INFANTRY,ACID,AT,5,TO
AIRCRAFT,ACID,AT,5,TO
SQUADRON,AREA,AT,5,TO
RELOCATE,AREA,AT,5,TO
INFANTRY,AREA,AT,5,TO
AIRCRAFT,AREA,AT,5,TO
SQUADRON,FIRE,AT,5,TO
RELOCATE,FIRE,AT,5,TO
INFANTRY,FIRE,AT,5,TO
AIRCRAFT,FIRE,AT,5,TO
SQUADRON,SHIP,AT,5,TO
RELOCATE,SHIP,AT,5,TO
INFANTRY,SHIP,AT,5,TO
AIRCRAFT,SHIP,AT,5,TO
SQUADRON,WALK,AT,5,TO
RELOCATE,WALK,AT,5,TO
INFANTRY,WALK,AT,5,TO
AIRCRAFT,WALK,AT,5,TO
SQUADRON,JOHN,AT,5,TO
RELOCATE,JOHN,AT,5,TO
INFANTRY,JOHN,AT,5,TO
AIRCRAFT,JOHN,AT,5,TO
SQUADRON,MOVE,AT,5,TO
RELOCATE,MOVE,AT,5,TO
INFANTRY,MOVE,AT,5,TO
AIRCRAFT,MOVE,AT,5,TO
SQUADRON,CITY,AT,5,TO
RELOCATE,CITY,AT,5,TO
INFANTRY,CITY,AT,5,TO
AIRCRAFT,CITY,AT,5,TO
SQUADRON,JACK,AT,5,TO
RELOCATE,JACK,AT,5,TO
INFANTRY,JACK,AT,5,TO
AIRCRAFT,JACK,AT,5,TO
SQUADRON,FROM,AT,5,TO
RELOCATE,FROM,AT,5,TO
INFANTRY,FROM,AT,5,TO
AIRCRAFT,FROM,AT,5,TO
SQUADRON,WILL,AT,5,TO
RELOCATE,WILL,AT,5,TO
INFANTRY,WILL,AT,5,TO
AIRCRAFT,WILL,AT,5,TO
SQUADRON,LEFT,AT,5,TO
RELOCATE,LEFT,AT,5,TO
INFANTRY,LEFT,AT,5,TO
AIRCRAFT,LEFT,AT,5,TO
SQUADRON,EAST,AT,5,TO
RELOCATE,EAST,AT,5,TO
INFANTRY,EAST,AT,5,TO
AIRCRAFT,EAST,AT,5,TO
SQUADRON,WEST,AT,5,TO
RELOCATE,WEST,AT,5,TO
INFANTRY,WEST,AT,5,TO
AIRCRAFT,WEST,AT,5,TO
SQUADRON,TANK,AT,5,TO
RELOCATE,TANK,AT,5,TO
INFANTRY,TANK,AT,5,TO
AIRCRAFT,TANK,AT,5,TO
SQUADRON,ACID,TO,5,TO
RELOCATE,ACID,TO,5,TO
INFANTRY,ACID,TO,5,TO
AIRCRAFT,ACID,TO,5,TO
SQUADRON,AREA,TO,5,TO
RELOCATE,AREA,TO,5,TO
INFANTRY,AREA,TO,5,TO
AIRCRAFT,AREA,TO,5,TO
SQUADRON,FIRE,TO,5,TO
RELOCATE,FIRE,TO,5,TO
INFANTRY,FIRE,TO,5,TO
AIRCRAFT,FIRE,TO,5,TO
SQUADRON,SHIP,TO,5,TO
RELOCATE,SHIP,TO,5,TO
INFANTRY,SHIP,TO,5,TO
AIRCRAFT,SHIP,TO,5,TO
SQUADRON,WALK,TO,5,TO
RELOCATE,WALK,TO,5,TO
INFANTRY,WALK,TO,5,TO
AIRCRAFT,WALK,TO,5,TO
SQUADRON,JOHN,TO,5,TO
RELOCATE,JOHN,TO,5,TO
INFANTRY,JOHN,TO,5,TO
AIRCRAFT,JOHN,TO,5,TO
SQUADRON,MOVE,TO,5,TO
RELOCATE,MOVE,TO,5,TO
INFANTRY,MOVE,TO,5,TO
AIRCRAFT,MOVE,TO,5,TO
SQUADRON,CITY,TO,5,TO
RELOCATE,CITY,TO,5,TO
INFANTRY,CITY,TO,5,TO
AIRCRAFT,CITY,TO,5,TO
SQUADRON,JACK,TO,5,TO
RELOCATE,JACK,TO,5,TO
INFANTRY,JACK,TO,5,TO
AIRCRAFT,JACK,TO,5,TO
SQUADRON,FROM,TO,5,TO
RELOCATE,FROM,TO,5,TO
INFANTRY,FROM,TO,5,TO
AIRCRAFT,FROM,TO,5,TO
SQUADRON,WILL,TO,5,TO
RELOCATE,WILL,TO,5,TO
INFANTRY,WILL,TO,5,TO
AIRCRAFT,WILL,TO,5,TO
SQUADRON,LEFT,TO,5,TO
RELOCATE,LEFT,TO,5,TO
INFANTRY,LEFT,TO,5,TO
AIRCRAFT,LEFT,TO,5,TO
SQUADRON,EAST,TO,5,TO
RELOCATE,EAST,TO,5,TO
INFANTRY,EAST,TO,5,TO
AIRCRAFT,EAST,TO,5,TO
SQUADRON,WEST,TO,5,TO
RELOCATE,WEST,TO,5,TO
INFANTRY,WEST,TO,5,TO
AIRCRAFT,WEST,TO,5,TO
SQUADRON,TANK,TO,5,TO
RELOCATE,TANK,TO,5,TO
INFANTRY,TANK,TO,5,TO
AIRCRAFT,TANK,TO,5,TO
SQUADRON,ACID,IN,5,TO
RELOCATE,ACID,IN,5,TO
INFANTRY,ACID,IN,5,TO
AIRCRAFT,ACID,IN,5,TO
SQUADRON,AREA,IN,5,TO
RELOCATE,AREA,IN,5,TO
INFANTRY,AREA,IN,5,TO
AIRCRAFT,AREA,IN,5,TO
SQUADRON,FIRE,IN,5,TO
RELOCATE,FIRE,IN,5,TO
INFANTRY,FIRE,IN,5,TO
AIRCRAFT,FIRE,IN,5,TO
SQUADRON,SHIP,IN,5,TO
RELOCATE,SHIP,IN,5,TO
INFANTRY,SHIP,IN,5,TO
AIRCRAFT,SHIP,IN,5,TO
SQUADRON,WALK,IN,5,TO
RELOCATE,WALK,IN,5,TO
INFANTRY,WALK,IN,5,TO
AIRCRAFT,WALK,IN,5,TO
SQUADRON,JOHN,IN,5,TO
RELOCATE,JOHN,IN,5,TO
INFANTRY,JOHN,IN,5,TO
AIRCRAFT,JOHN,IN,5,TO
SQUADRON,MOVE,IN,5,TO
RELOCATE,MOVE,IN,5,TO
INFANTRY,MOVE,IN,5,TO
AIRCRAFT,MOVE,IN,5,TO
SQUADRON,CITY,IN,5,TO
RELOCATE,CITY,IN,5,TO
INFANTRY,CITY,IN,5,TO
AIRCRAFT,CITY,IN,5,TO
SQUADRON,JACK,IN,5,TO
RELOCATE,JACK,IN,5,TO
INFANTRY,JACK,IN,5,TO
AIRCRAFT,JACK,IN,5,TO
SQUADRON,FROM,IN,5,TO
RELOCATE,FROM,IN,5,TO
INFANTRY,FROM,IN,5,TO
AIRCRAFT,FROM,IN,5,TO
SQUADRON,WILL,IN,5,TO
RELOCATE,WILL,IN,5,TO
INFANTRY,WILL,IN,5,TO
AIRCRAFT,WILL,IN,5,TO
SQUADRON,LEFT,IN,5,TO
RELOCATE,LEFT,IN,5,TO
INFANTRY,LEFT,IN,5,TO
AIRCRAFT,LEFT,IN,5,TO
SQUADRON,EAST,IN,5,TO
RELOCATE,EAST,IN,5,TO
INFANTRY,EAST,IN,5,TO
AIRCRAFT,EAST,IN,5,TO
SQUADRON,WEST,IN,5,TO
RELOCATE,WEST,IN,5,TO
INFANTRY,WEST,IN,5,TO
AIRCRAFT,WEST,IN,5,TO
SQUADRON,TANK,IN,5,TO
RELOCATE,TANK,IN,5,TO
INFANTRY,TANK,IN,5,TO
AIRCRAFT,TANK,IN,5,TO
SQUADRON,ACID,OF,5,TO
RELOCATE,ACID,OF,5,TO
INFANTRY,ACID,OF,5,TO
AIRCRAFT,ACID,OF,5,TO
SQUADRON,AREA,OF,5,TO
RELOCATE,AREA,OF,5,TO
INFANTRY,AREA,OF,5,TO
AIRCRAFT,AREA,OF,5,TO
SQUADRON,FIRE,OF,5,TO
RELOCATE,FIRE,OF,5,TO
INFANTRY,FIRE,OF,5,TO
AIRCRAFT,FIRE,OF,5,TO
SQUADRON,SHIP,OF,5,TO
RELOCATE,SHIP,OF,5,TO
INFANTRY,SHIP,OF,5,TO
AIRCRAFT,SHIP,OF,5,TO
SQUADRON,WALK,OF,5,TO
RELOCATE,WALK,OF,5,TO
INFANTRY,WALK,OF,5,TO
AIRCRAFT,WALK,OF,5,TO
SQUADRON,JOHN,OF,5,TO
RELOCATE,JOHN,OF,5,TO
INFANTRY,JOHN,OF,5,TO
AIRCRAFT,JOHN,OF,5,TO
SQUADRON,MOVE,OF,5,TO
RELOCATE,MOVE,OF,5,TO
INFANTRY,MOVE,OF,5,TO
AIRCRAFT,MOVE,OF,5,TO
SQUADRON,CITY,OF,5,TO
RELOCATE,CITY,OF,5,TO
INFANTRY,CITY,OF,5,TO
AIRCRAFT,CITY,OF,5,TO
SQUADRON,JACK,OF,5,TO
RELOCATE,JACK,OF,5,TO
INFANTRY,JACK,OF,5,TO
AIRCRAFT,JACK,OF,5,TO
SQUADRON,FROM,OF,5,TO
RELOCATE,FROM,OF,5,TO
INFANTRY,FROM,OF,5,TO
AIRCRAFT,FROM,OF,5,TO
SQUADRON,WILL,OF,5,TO
RELOCATE,WILL,OF,5,TO
INFANTRY,WILL,OF,5,TO
AIRCRAFT,WILL,OF,5,TO
SQUADRON,LEFT,OF,5,TO
RELOCATE,LEFT,OF,5,TO
INFANTRY,LEFT,OF,5,TO
AIRCRAFT,LEFT,OF,5,TO
SQUADRON,EAST,OF,5,TO
RELOCATE,EAST,OF,5,TO
INFANTRY,EAST,OF,5,TO
AIRCRAFT,EAST,OF,5,TO
SQUADRON,WEST,OF,5,TO
RELOCATE,WEST,OF,5,TO
INFANTRY,WEST,OF,5,TO
AIRCRAFT,WEST,OF,5,TO
SQUADRON,TANK,OF,5,TO
RELOCATE,TANK,OF,5,TO
INFANTRY,TANK,OF,5,TO
AIRCRAFT,TANK,OF,5,TO
SQUADRON,ACID,GO,5,IN
RELOCATE,ACID,GO,5,IN
INFANTRY,ACID,GO,5,IN
AIRCRAFT,ACID,GO,5,IN
SQUADRON,AREA,GO,5,IN
RELOCATE,AREA,GO,5,IN
INFANTRY,AREA,GO,5,IN
AIRCRAFT,AREA,GO,5,IN
SQUADRON,FIRE,GO,5,IN
RELOCATE,FIRE,GO,5,IN
INFANTRY,FIRE,GO,5,IN
AIRCRAFT,FIRE,GO,5,IN
SQUADRON,SHIP,GO,5,IN
RELOCATE,SHIP,GO,5,IN
INFANTRY,SHIP,GO,5,IN
AIRCRAFT,SHIP,GO,5,IN
SQUADRON,WALK,GO,5,IN
RELOCATE,WALK,GO,5,IN
INFANTRY,WALK,GO,5,IN
AIRCRAFT,WALK,GO,5,IN
SQUADRON,JOHN,GO,5,IN
RELOCATE,JOHN,GO,5,IN
INFANTRY,JOHN,GO,5,IN
AIRCRAFT,JOHN,GO,5,IN
SQUADRON,MOVE,GO,5,IN
RELOCATE,MOVE,GO,5,IN
INFANTRY,MOVE,GO,5,IN
AIRCRAFT,MOVE,GO,5,IN
SQUADRON,CITY,GO,5,IN
RELOCATE,CITY,GO,5,IN
INFANTRY,CITY,GO,5,IN
AIRCRAFT,CITY,GO,5,IN
SQUADRON,JACK,GO,5,IN
RELOCATE,JACK,GO,5,IN
INFANTRY,JACK,GO,5,IN
AIRCRAFT,JACK,GO,5,IN
SQUADRON,FROM,GO,5,IN
RELOCATE,FROM,GO,5,IN
INFANTRY,FROM,GO,5,IN
AIRCRAFT,FROM,GO,5,IN
SQUADRON,WILL,GO,5,IN
RELOCATE,WILL,GO,5,IN
INFANTRY,WILL,GO,5,IN
AIRCRAFT,WILL,GO,5,IN
SQUADRON,LEFT,GO,5,IN
RELOCATE,LEFT,GO,5,IN
INFANTRY,LEFT,GO,5,IN
AIRCRAFT,LEFT,GO,5,IN
SQUADRON,EAST,GO,5,IN
RELOCATE,EAST,GO,5,IN
INFANTRY,EAST,GO,5,IN
AIRCRAFT,EAST,GO,5,IN
SQUADRON,WEST,GO,5,IN
RELOCATE,WEST,GO,5,IN
INFANTRY,WEST,GO,5,IN
AIRCRAFT,WEST,GO,5,IN
SQUADRON,TANK,GO,5,IN
RELOCATE,TANK,GO,5,IN
INFANTRY,TANK,GO,5,IN
AIRCRAFT,TANK,GO,5,IN
SQUADRON,ACID,PM,5,IN
RELOCATE,ACID,PM,5,IN
INFANTRY,ACID,PM,5,IN
AIRCRAFT,ACID,PM,5,IN
SQUADRON,AREA,PM,5,IN
RELOCATE,AREA,PM,5,IN
INFANTRY,AREA,PM,5,IN
AIRCRAFT,AREA,PM,5,IN
SQUADRON,FIRE,PM,5,IN
RELOCATE,FIRE,PM,5,IN
INFANTRY,FIRE,PM,5,IN
AIRCRAFT,FIRE,PM,5,IN
SQUADRON,SHIP,PM,5,IN
RELOCATE,SHIP,PM,5,IN
INFANTRY,SHIP,PM,5,IN
AIRCRAFT,SHIP,PM,5,IN
SQUADRON,WALK,PM,5,IN
RELOCATE,WALK,PM,5,IN
INFANTRY,WALK,PM,5,IN
AIRCRAFT,WALK,PM,5,IN
SQUADRON,JOHN,PM,5,IN
RELOCATE,JOHN,PM,5,IN
INFANTRY,JOHN,PM,5,IN
AIRCRAFT,JOHN,PM,5,IN
SQUADRON,MOVE,PM,5,IN
RELOCATE,MOVE,PM,5,IN
INFANTRY,MOVE,PM,5,IN
AIRCRAFT,MOVE,PM,5,IN
SQUADRON,CITY,PM,5,IN
RELOCATE,CITY,PM,5,IN
INFANTRY,CITY,PM,5,IN
AIRCRAFT,CITY,PM,5,IN
SQUADRON,JACK,PM,5,IN
RELOCATE,JACK,PM,5,IN
INFANTRY,JACK,PM,5,IN
AIRCRAFT,JACK,PM,5,IN
SQUADRON,FROM,PM,5,IN
RELOCATE,FROM,PM,5,IN
INFANTRY,FROM,PM,5,IN
AIRCRAFT,FROM,PM,5,IN
SQUADRON,WILL,PM,5,IN
RELOCATE,WILL,PM,5,IN
INFANTRY,WILL,PM,5,IN
AIRCRAFT,WILL,PM,5,IN
SQUADRON,LEFT,PM,5,IN
RELOCATE,LEFT,PM,5,IN
INFANTRY,LEFT,PM,5,IN
AIRCRAFT,LEFT,PM,5,IN
SQUADRON,EAST,PM,5,IN
RELOCATE,EAST,PM,5,IN
INFANTRY,EAST,PM,5,IN
AIRCRAFT,EAST,PM,5,IN
SQUADRON,WEST,PM,5,IN
RELOCATE,WEST,PM,5,IN
INFANTRY,WEST,PM,5,IN
AIRCRAFT,WEST,PM,5,IN
SQUADRON,TANK,PM,5,IN
RELOCATE,TANK,PM,5,IN
INFANTRY,TANK,PM,5,IN
AIRCRAFT,TANK,PM,5,IN
SQUADRON,ACID,AM,5,IN
RELOCATE,ACID,AM,5,IN
INFANTRY,ACID,AM,5,IN
AIRCRAFT,ACID,AM,5,IN
SQUADRON,AREA,AM,5,IN
RELOCATE,AREA,AM,5,IN
INFANTRY,AREA,AM,5,IN
AIRCRAFT,AREA,AM,5,IN
SQUADRON,FIRE,AM,5,IN
RELOCATE,FIRE,AM,5,IN
INFANTRY,FIRE,AM,5,IN
AIRCRAFT,FIRE,AM,5,IN
SQUADRON,SHIP,AM,5,IN
RELOCATE,SHIP,AM,5,IN
INFANTRY,SHIP,AM,5,IN
AIRCRAFT,SHIP,AM,5,IN
SQUADRON,WALK,AM,5,IN
RELOCATE,WALK,AM,5,IN
INFANTRY,WALK,AM,5,IN
AIRCRAFT,WALK,AM,5,IN
SQUADRON,JOHN,AM,5,IN
RELOCATE,JOHN,AM,5,IN
INFANTRY,JOHN,AM,5,IN
AIRCRAFT,JOHN,AM,5,IN
SQUADRON,MOVE,AM,5,IN
RELOCATE,MOVE,AM,5,IN
INFANTRY,MOVE,AM,5,IN
AIRCRAFT,MOVE,AM,5,IN
SQUADRON,CITY,AM,5,IN
RELOCATE,CITY,AM,5,IN
INFANTRY,CITY,AM,5,IN
AIRCRAFT,CITY,AM,5,IN
SQUADRON,JACK,AM,5,IN
RELOCATE,JACK,AM,5,IN
INFANTRY,JACK,AM,5,IN
AIRCRAFT,JACK,AM,5,IN
SQUADRON,FROM,AM,5,IN
RELOCATE,FROM,AM,5,IN
INFANTRY,FROM,AM,5,IN
AIRCRAFT,FROM,AM,5,IN
SQUADRON,WILL,AM,5,IN
RELOCATE,WILL,AM,5,IN
INFANTRY,WILL,AM,5,IN
AIRCRAFT,WILL,AM,5,IN
SQUADRON,LEFT,AM,5,IN
RELOCATE,LEFT,AM,5,IN
INFANTRY,LEFT,AM,5,IN
AIRCRAFT,LEFT,AM,5,IN
SQUADRON,EAST,AM,5,IN
RELOCATE,EAST,AM,5,IN
INFANTRY,EAST,AM,5,IN
AIRCRAFT,EAST,AM,5,IN
SQUADRON,WEST,AM,5,IN
RELOCATE,WEST,AM,5,IN
INFANTRY,WEST,AM,5,IN
AIRCRAFT,WEST,AM,5,IN
SQUADRON,TANK,AM,5,IN
RELOCATE,TANK,AM,5,IN
INFANTRY,TANK,AM,5,IN
AIRCRAFT,TANK,AM,5,IN
SQUADRON,ACID,AT,5,IN
RELOCATE,ACID,AT,5,IN
INFANTRY,ACID,AT,5,IN
AIRCRAFT,ACID,AT,5,IN
SQUADRON,AREA,AT,5,IN
RELOCATE,AREA,AT,5,IN
INFANTRY,AREA,AT,5,IN
AIRCRAFT,AREA,AT,5,IN
SQUADRON,FIRE,AT,5,IN
RELOCATE,FIRE,AT,5,IN
INFANTRY,FIRE,AT,5,IN
AIRCRAFT,FIRE,AT,5,IN
SQUADRON,SHIP,AT,5,IN
RELOCATE,SHIP,AT,5,IN
INFANTRY,SHIP,AT,5,IN
AIRCRAFT,SHIP,AT,5,IN
SQUADRON,WALK,AT,5,IN
RELOCATE,WALK,AT,5,IN
INFANTRY,WALK,AT,5,IN
AIRCRAFT,WALK,AT,5,IN
SQUADRON,JOHN,AT,5,IN
RELOCATE,JOHN,AT,5,IN
INFANTRY,JOHN,AT,5,IN
AIRCRAFT,JOHN,AT,5,IN
SQUADRON,MOVE,AT,5,IN
RELOCATE,MOVE,AT,5,IN
INFANTRY,MOVE,AT,5,IN
AIRCRAFT,MOVE,AT,5,IN
SQUADRON,CITY,AT,5,IN
RELOCATE,CITY,AT,5,IN
INFANTRY,CITY,AT,5,IN
AIRCRAFT,CITY,AT,5,IN
SQUADRON,JACK,AT,5,IN
RELOCATE,JACK,AT,5,IN
INFANTRY,JACK,AT,5,IN
AIRCRAFT,JACK,AT,5,IN
SQUADRON,FROM,AT,5,IN
RELOCATE,FROM,AT,5,IN
INFANTRY,FROM,AT,5,IN
AIRCRAFT,FROM,AT,5,IN
SQUADRON,WILL,AT,5,IN
RELOCATE,WILL,AT,5,IN
INFANTRY,WILL,AT,5,IN
AIRCRAFT,WILL,AT,5,IN
SQUADRON,LEFT,AT,5,IN
RELOCATE,LEFT,AT,5,IN
INFANTRY,LEFT,AT,5,IN
AIRCRAFT,LEFT,AT,5,IN
SQUADRON,EAST,AT,5,IN
RELOCATE,EAST,AT,5,IN
INFANTRY,EAST,AT,5,IN
AIRCRAFT,EAST,AT,5,IN
SQUADRON,WEST,AT,5,IN
RELOCATE,WEST,AT,5,IN
INFANTRY,WEST,AT,5,IN
AIRCRAFT,WEST,AT,5,IN
SQUADRON,TANK,AT,5,IN
RELOCATE,TANK,AT,5,IN
INFANTRY,TANK,AT,5,IN
AIRCRAFT,TANK,AT,5,IN
SQUADRON,ACID,TO,5,IN
RELOCATE,ACID,TO,5,IN
INFANTRY,ACID,TO,5,IN
AIRCRAFT,ACID,TO,5,IN
SQUADRON,AREA,TO,5,IN
RELOCATE,AREA,TO,5,IN
INFANTRY,AREA,TO,5,IN
AIRCRAFT,AREA,TO,5,IN
SQUADRON,FIRE,TO,5,IN
RELOCATE,FIRE,TO,5,IN
INFANTRY,FIRE,TO,5,IN
AIRCRAFT,FIRE,TO,5,IN
SQUADRON,SHIP,TO,5,IN
RELOCATE,SHIP,TO,5,IN
INFANTRY,SHIP,TO,5,IN
AIRCRAFT,SHIP,TO,5,IN
SQUADRON,WALK,TO,5,IN
RELOCATE,WALK,TO,5,IN
INFANTRY,WALK,TO,5,IN
AIRCRAFT,WALK,TO,5,IN
SQUADRON,JOHN,TO,5,IN
RELOCATE,JOHN,TO,5,IN
INFANTRY,JOHN,TO,5,IN
AIRCRAFT,JOHN,TO,5,IN
SQUADRON,MOVE,TO,5,IN
RELOCATE,MOVE,TO,5,IN
INFANTRY,MOVE,TO,5,IN
AIRCRAFT,MOVE,TO,5,IN
SQUADRON,CITY,TO,5,IN
RELOCATE,CITY,TO,5,IN
INFANTRY,CITY,TO,5,IN
AIRCRAFT,CITY,TO,5,IN
SQUADRON,JACK,TO,5,IN
RELOCATE,JACK,TO,5,IN
INFANTRY,JACK,TO,5,IN
AIRCRAFT,JACK,TO,5,IN
SQUADRON,FROM,TO,5,IN
RELOCATE,FROM,TO,5,IN
INFANTRY,FROM,TO,5,IN
AIRCRAFT,FROM,TO,5,IN
SQUADRON,WILL,TO,5,IN
RELOCATE,WILL,TO,5,IN
INFANTRY,WILL,TO,5,IN
AIRCRAFT,WILL,TO,5,IN
SQUADRON,LEFT,TO,5,IN
RELOCATE,LEFT,TO,5,IN
INFANTRY,LEFT,TO,5,IN
AIRCRAFT,LEFT,TO,5,IN
SQUADRON,EAST,TO,5,IN
RELOCATE,EAST,TO,5,IN
INFANTRY,EAST,TO,5,IN
AIRCRAFT,EAST,TO,5,IN
SQUADRON,WEST,TO,5,IN
RELOCATE,WEST,TO,5,IN
INFANTRY,WEST,TO,5,IN
AIRCRAFT,WEST,TO,5,IN
SQUADRON,TANK,TO,5,IN
RELOCATE,TANK,TO,5,IN
INFANTRY,TANK,TO,5,IN
AIRCRAFT,TANK,TO,5,IN
SQUADRON,ACID,IN,5,IN
RELOCATE,ACID,IN,5,IN
INFANTRY,ACID,IN,5,IN
AIRCRAFT,ACID,IN,5,IN
SQUADRON,AREA,IN,5,IN
RELOCATE,AREA,IN,5,IN
INFANTRY,AREA,IN,5,IN
AIRCRAFT,AREA,IN,5,IN
SQUADRON,FIRE,IN,5,IN
RELOCATE,FIRE,IN,5,IN
INFANTRY,FIRE,IN,5,IN
AIRCRAFT,FIRE,IN,5,IN
SQUADRON,SHIP,IN,5,IN
RELOCATE,SHIP,IN,5,IN
INFANTRY,SHIP,IN,5,IN
AIRCRAFT,SHIP,IN,5,IN
SQUADRON,WALK,IN,5,IN
RELOCATE,WALK,IN,5,IN
INFANTRY,WALK,IN,5,IN
AIRCRAFT,WALK,IN,5,IN
SQUADRON,JOHN,IN,5,IN
RELOCATE,JOHN,IN,5,IN
INFANTRY,JOHN,IN,5,IN
AIRCRAFT,JOHN,IN,5,IN
SQUADRON,MOVE,IN,5,IN
RELOCATE,MOVE,IN,5,IN
INFANTRY,MOVE,IN,5,IN
AIRCRAFT,MOVE,IN,5,IN
SQUADRON,CITY,IN,5,IN
RELOCATE,CITY,IN,5,IN
INFANTRY,CITY,IN,5,IN
AIRCRAFT,CITY,IN,5,IN
SQUADRON,JACK,IN,5,IN
RELOCATE,JACK,IN,5,IN
INFANTRY,JACK,IN,5,IN
AIRCRAFT,JACK,IN,5,IN
SQUADRON,FROM,IN,5,IN
RELOCATE,FROM,IN,5,IN
INFANTRY,FROM,IN,5,IN
AIRCRAFT,FROM,IN,5,IN
SQUADRON,WILL,IN,5,IN
RELOCATE,WILL,IN,5,IN
INFANTRY,WILL,IN,5,IN
AIRCRAFT,WILL,IN,5,IN
SQUADRON,LEFT,IN,5,IN
RELOCATE,LEFT,IN,5,IN
INFANTRY,LEFT,IN,5,IN
AIRCRAFT,LEFT,IN,5,IN
SQUADRON,EAST,IN,5,IN
RELOCATE,EAST,IN,5,IN
INFANTRY,EAST,IN,5,IN
AIRCRAFT,EAST,IN,5,IN
SQUADRON,WEST,IN,5,IN
RELOCATE,WEST,IN,5,IN
INFANTRY,WEST,IN,5,IN
AIRCRAFT,WEST,IN,5,IN
SQUADRON,TANK,IN,5,IN
RELOCATE,TANK,IN,5,IN
INFANTRY,TANK,IN,5,IN
AIRCRAFT,TANK,IN,5,IN
SQUADRON,ACID,OF,5,IN
RELOCATE,ACID,OF,5,IN
INFANTRY,ACID,OF,5,IN
AIRCRAFT,ACID,OF,5,IN
SQUADRON,AREA,OF,5,IN
RELOCATE,AREA,OF,5,IN
INFANTRY,AREA,OF,5,IN
AIRCRAFT,AREA,OF,5,IN
SQUADRON,FIRE,OF,5,IN
RELOCATE,FIRE,OF,5,IN
INFANTRY,FIRE,OF,5,IN
AIRCRAFT,FIRE,OF,5,IN
SQUADRON,SHIP,OF,5,IN
RELOCATE,SHIP,OF,5,IN
INFANTRY,SHIP,OF,5,IN
AIRCRAFT,SHIP,OF,5,IN
SQUADRON,WALK,OF,5,IN
RELOCATE,WALK,OF,5,IN
INFANTRY,WALK,OF,5,IN
AIRCRAFT,WALK,OF,5,IN
SQUADRON,JOHN,OF,5,IN
RELOCATE,JOHN,OF,5,IN
INFANTRY,JOHN,OF,5,IN
AIRCRAFT,JOHN,OF,5,IN
SQUADRON,MOVE,OF,5,IN
RELOCATE,MOVE,OF,5,IN
INFANTRY,MOVE,OF,5,IN
AIRCRAFT,MOVE,OF,5,IN
SQUADRON,CITY,OF,5,IN
RELOCATE,CITY,OF,5,IN
INFANTRY,CITY,OF,5,IN
AIRCRAFT,CITY,OF,5,IN
SQUADRON,JACK,OF,5,IN
RELOCATE,JACK,OF,5,IN
INFANTRY,JACK,OF,5,IN
AIRCRAFT,JACK,OF,5,IN
SQUADRON,FROM,OF,5,IN
RELOCATE,FROM,OF,5,IN
INFANTRY,FROM,OF,5,IN
AIRCRAFT,FROM,OF,5,IN
SQUADRON,WILL,OF,5,IN
RELOCATE,WILL,OF,5,IN
INFANTRY,WILL,OF,5,IN
AIRCRAFT,WILL,OF,5,IN
SQUADRON,LEFT,OF,5,IN
RELOCATE,LEFT,OF,5,IN
INFANTRY,LEFT,OF,5,IN
AIRCRAFT,LEFT,OF,5,IN
SQUADRON,EAST,OF,5,IN
RELOCATE,EAST,OF,5,IN
INFANTRY,EAST,OF,5,IN
AIRCRAFT,EAST,OF,5,IN
SQUADRON,WEST,OF,5,IN
RELOCATE,WEST,OF,5,IN
INFANTRY,WEST,OF,5,IN
AIRCRAFT,WEST,OF,5,IN
SQUADRON,TANK,OF,5,IN
RELOCATE,TANK,OF,5,IN
INFANTRY,TANK,OF,5,IN
AIRCRAFT,TANK,OF,5,IN
SQUADRON,ACID,GO,5,OF
RELOCATE,ACID,GO,5,OF
INFANTRY,ACID,GO,5,OF
AIRCRAFT,ACID,GO,5,OF
SQUADRON,AREA,GO,5,OF
RELOCATE,AREA,GO,5,OF
INFANTRY,AREA,GO,5,OF
AIRCRAFT,AREA,GO,5,OF
SQUADRON,FIRE,GO,5,OF
RELOCATE,FIRE,GO,5,OF
INFANTRY,FIRE,GO,5,OF
AIRCRAFT,FIRE,GO,5,OF
SQUADRON,SHIP,GO,5,OF
RELOCATE,SHIP,GO,5,OF
INFANTRY,SHIP,GO,5,OF
AIRCRAFT,SHIP,GO,5,OF
SQUADRON,WALK,GO,5,OF
RELOCATE,WALK,GO,5,OF
INFANTRY,WALK,GO,5,OF
AIRCRAFT,WALK,GO,5,OF
SQUADRON,JOHN,GO,5,OF
RELOCATE,JOHN,GO,5,OF
INFANTRY,JOHN,GO,5,OF
AIRCRAFT,JOHN,GO,5,OF
SQUADRON,MOVE,GO,5,OF
RELOCATE,MOVE,GO,5,OF
INFANTRY,MOVE,GO,5,OF
AIRCRAFT,MOVE,GO,5,OF
SQUADRON,CITY,GO,5,OF
RELOCATE,CITY,GO,5,OF
INFANTRY,CITY,GO,5,OF
AIRCRAFT,CITY,GO,5,OF
SQUADRON,JACK,GO,5,OF
RELOCATE,JACK,GO,5,OF
INFANTRY,JACK,GO,5,OF
AIRCRAFT,JACK,GO,5,OF
SQUADRON,FROM,GO,5,OF
RELOCATE,FROM,GO,5,OF
INFANTRY,FROM,GO,5,OF
AIRCRAFT,FROM,GO,5,OF
SQUADRON,WILL,GO,5,OF
RELOCATE,WILL,GO,5,OF
INFANTRY,WILL,GO,5,OF
AIRCRAFT,WILL,GO,5,OF
SQUADRON,LEFT,GO,5,OF
RELOCATE,LEFT,GO,5,OF
INFANTRY,LEFT,GO,5,OF
AIRCRAFT,LEFT,GO,5,OF
SQUADRON,EAST,GO,5,OF
RELOCATE,EAST,GO,5,OF
INFANTRY,EAST,GO,5,OF
AIRCRAFT,EAST,GO,5,OF
SQUADRON,WEST,GO,5,OF
RELOCATE,WEST,GO,5,OF
INFANTRY,WEST,GO,5,OF
AIRCRAFT,WEST,GO,5,OF
SQUADRON,TANK,GO,5,OF
RELOCATE,TANK,GO,5,OF
INFANTRY,TANK,GO,5,OF
AIRCRAFT,TANK,GO,5,OF
SQUADRON,ACID,PM,5,OF
RELOCATE,ACID,PM,5,OF
INFANTRY,ACID,PM,5,OF
AIRCRAFT,ACID,PM,5,OF
SQUADRON,AREA,PM,5,OF
RELOCATE,AREA,PM,5,OF
INFANTRY,AREA,PM,5,OF
AIRCRAFT,AREA,PM,5,OF
SQUADRON,FIRE,PM,5,OF
RELOCATE,FIRE,PM,5,OF
INFANTRY,FIRE,PM,5,OF
AIRCRAFT,FIRE,PM,5,OF
SQUADRON,SHIP,PM,5,OF
RELOCATE,SHIP,PM,5,OF
INFANTRY,SHIP,PM,5,OF
AIRCRAFT,SHIP,PM,5,OF
SQUADRON,WALK,PM,5,OF
RELOCATE,WALK,PM,5,OF
INFANTRY,WALK,PM,5,OF
AIRCRAFT,WALK,PM,5,OF
SQUADRON,JOHN,PM,5,OF
RELOCATE,JOHN,PM,5,OF
INFANTRY,JOHN,PM,5,OF
AIRCRAFT,JOHN,PM,5,OF
SQUADRON,MOVE,PM,5,OF
RELOCATE,MOVE,PM,5,OF
INFANTRY,MOVE,PM,5,OF
AIRCRAFT,MOVE,PM,5,OF
SQUADRON,CITY,PM,5,OF
RELOCATE,CITY,PM,5,OF
INFANTRY,CITY,PM,5,OF
AIRCRAFT,CITY,PM,5,OF
SQUADRON,JACK,PM,5,OF
RELOCATE,JACK,PM,5,OF
INFANTRY,JACK,PM,5,OF
AIRCRAFT,JACK,PM,5,OF
SQUADRON,FROM,PM,5,OF
RELOCATE,FROM,PM,5,OF
INFANTRY,FROM,PM,5,OF
AIRCRAFT,FROM,PM,5,OF
SQUADRON,WILL,PM,5,OF
RELOCATE,WILL,PM,5,OF
INFANTRY,WILL,PM,5,OF
AIRCRAFT,WILL,PM,5,OF
SQUADRON,LEFT,PM,5,OF
RELOCATE,LEFT,PM,5,OF
INFANTRY,LEFT,PM,5,OF
AIRCRAFT,LEFT,PM,5,OF
SQUADRON,EAST,PM,5,OF
RELOCATE,EAST,PM,5,OF
INFANTRY,EAST,PM,5,OF
AIRCRAFT,EAST,PM,5,OF
SQUADRON,WEST,PM,5,OF
RELOCATE,WEST,PM,5,OF
INFANTRY,WEST,PM,5,OF
AIRCRAFT,WEST,PM,5,OF
SQUADRON,TANK,PM,5,OF
RELOCATE,TANK,PM,5,OF
INFANTRY,TANK,PM,5,OF
AIRCRAFT,TANK,PM,5,OF
SQUADRON,ACID,AM,5,OF
RELOCATE,ACID,AM,5,OF
INFANTRY,ACID,AM,5,OF
AIRCRAFT,ACID,AM,5,OF
SQUADRON,AREA,AM,5,OF
RELOCATE,AREA,AM,5,OF
INFANTRY,AREA,AM,5,OF
AIRCRAFT,AREA,AM,5,OF
SQUADRON,FIRE,AM,5,OF
RELOCATE,FIRE,AM,5,OF
INFANTRY,FIRE,AM,5,OF
AIRCRAFT,FIRE,AM,5,OF
SQUADRON,SHIP,AM,5,OF
RELOCATE,SHIP,AM,5,OF
INFANTRY,SHIP,AM,5,OF
AIRCRAFT,SHIP,AM,5,OF
SQUADRON,WALK,AM,5,OF
RELOCATE,WALK,AM,5,OF
INFANTRY,WALK,AM,5,OF
AIRCRAFT,WALK,AM,5,OF
SQUADRON,JOHN,AM,5,OF
RELOCATE,JOHN,AM,5,OF
INFANTRY,JOHN,AM,5,OF
AIRCRAFT,JOHN,AM,5,OF
SQUADRON,MOVE,AM,5,OF
RELOCATE,MOVE,AM,5,OF
INFANTRY,MOVE,AM,5,OF
AIRCRAFT,MOVE,AM,5,OF
SQUADRON,CITY,AM,5,OF
RELOCATE,CITY,AM,5,OF
INFANTRY,CITY,AM,5,OF
AIRCRAFT,CITY,AM,5,OF
SQUADRON,JACK,AM,5,OF
RELOCATE,JACK,AM,5,OF
INFANTRY,JACK,AM,5,OF
AIRCRAFT,JACK,AM,5,OF
SQUADRON,FROM,AM,5,OF
RELOCATE,FROM,AM,5,OF
INFANTRY,FROM,AM,5,OF
AIRCRAFT,FROM,AM,5,OF
SQUADRON,WILL,AM,5,OF
RELOCATE,WILL,AM,5,OF
INFANTRY,WILL,AM,5,OF
AIRCRAFT,WILL,AM,5,OF
SQUADRON,LEFT,AM,5,OF
RELOCATE,LEFT,AM,5,OF
INFANTRY,LEFT,AM,5,OF
AIRCRAFT,LEFT,AM,5,OF
SQUADRON,EAST,AM,5,OF
RELOCATE,EAST,AM,5,OF
INFANTRY,EAST,AM,5,OF
AIRCRAFT,EAST,AM,5,OF
SQUADRON,WEST,AM,5,OF
RELOCATE,WEST,AM,5,OF
INFANTRY,WEST,AM,5,OF
AIRCRAFT,WEST,AM,5,OF
SQUADRON,TANK,AM,5,OF
RELOCATE,TANK,AM,5,OF
INFANTRY,TANK,AM,5,OF
AIRCRAFT,TANK,AM,5,OF
SQUADRON,ACID,AT,5,OF
RELOCATE,ACID,AT,5,OF
INFANTRY,ACID,AT,5,OF
AIRCRAFT,ACID,AT,5,OF
SQUADRON,AREA,AT,5,OF
RELOCATE,AREA,AT,5,OF
INFANTRY,AREA,AT,5,OF
AIRCRAFT,AREA,AT,5,OF
SQUADRON,FIRE,AT,5,OF
RELOCATE,FIRE,AT,5,OF
INFANTRY,FIRE,AT,5,OF
AIRCRAFT,FIRE,AT,5,OF
SQUADRON,SHIP,AT,5,OF
RELOCATE,SHIP,AT,5,OF
INFANTRY,SHIP,AT,5,OF
AIRCRAFT,SHIP,AT,5,OF
SQUADRON,WALK,AT,5,OF
RELOCATE,WALK,AT,5,OF
INFANTRY,WALK,AT,5,OF
AIRCRAFT,WALK,AT,5,OF
SQUADRON,JOHN,AT,5,OF
RELOCATE,JOHN,AT,5,OF
INFANTRY,JOHN,AT,5,OF
AIRCRAFT,JOHN,AT,5,OF
SQUADRON,MOVE,AT,5,OF
RELOCATE,MOVE,AT,5,OF
INFANTRY,MOVE,AT,5,OF
AIRCRAFT,MOVE,AT,5,OF
SQUADRON,CITY,AT,5,OF
RELOCATE,CITY,AT,5,OF
INFANTRY,CITY,AT,5,OF
AIRCRAFT,CITY,AT,5,OF
SQUADRON,JACK,AT,5,OF
RELOCATE,JACK,AT,5,OF
INFANTRY,JACK,AT,5,OF
AIRCRAFT,JACK,AT,5,OF
SQUADRON,FROM,AT,5,OF
RELOCATE,FROM,AT,5,OF
INFANTRY,FROM,AT,5,OF
AIRCRAFT,FROM,AT,5,OF
SQUADRON,WILL,AT,5,OF
RELOCATE,WILL,AT,5,OF
INFANTRY,WILL,AT,5,OF
AIRCRAFT,WILL,AT,5,OF
SQUADRON,LEFT,AT,5,OF
RELOCATE,LEFT,AT,5,OF
INFANTRY,LEFT,AT,5,OF
AIRCRAFT,LEFT,AT,5,OF
SQUADRON,EAST,AT,5,OF
RELOCATE,EAST,AT,5,OF
INFANTRY,EAST,AT,5,OF
AIRCRAFT,EAST,AT,5,OF
SQUADRON,WEST,AT,5,OF
RELOCATE,WEST,AT,5,OF
INFANTRY,WEST,AT,5,OF
AIRCRAFT,WEST,AT,5,OF
SQUADRON,TANK,AT,5,OF
RELOCATE,TANK,AT,5,OF
INFANTRY,TANK,AT,5,OF
AIRCRAFT,TANK,AT,5,OF
SQUADRON,ACID,TO,5,OF
RELOCATE,ACID,TO,5,OF
INFANTRY,ACID,TO,5,OF
AIRCRAFT,ACID,TO,5,OF
SQUADRON,AREA,TO,5,OF
RELOCATE,AREA,TO,5,OF
INFANTRY,AREA,TO,5,OF
AIRCRAFT,AREA,TO,5,OF
SQUADRON,FIRE,TO,5,OF
RELOCATE,FIRE,TO,5,OF
INFANTRY,FIRE,TO,5,OF
AIRCRAFT,FIRE,TO,5,OF
SQUADRON,SHIP,TO,5,OF
RELOCATE,SHIP,TO,5,OF
INFANTRY,SHIP,TO,5,OF
AIRCRAFT,SHIP,TO,5,OF
SQUADRON,WALK,TO,5,OF
RELOCATE,WALK,TO,5,OF
INFANTRY,WALK,TO,5,OF
AIRCRAFT,WALK,TO,5,OF
SQUADRON,JOHN,TO,5,OF
RELOCATE,JOHN,TO,5,OF
INFANTRY,JOHN,TO,5,OF
AIRCRAFT,JOHN,TO,5,OF
SQUADRON,MOVE,TO,5,OF
RELOCATE,MOVE,TO,5,OF
INFANTRY,MOVE,TO,5,OF
AIRCRAFT,MOVE,TO,5,OF
SQUADRON,CITY,TO,5,OF
RELOCATE,CITY,TO,5,OF
INFANTRY,CITY,TO,5,OF
AIRCRAFT,CITY,TO,5,OF
SQUADRON,JACK,TO,5,OF
RELOCATE,JACK,TO,5,OF
INFANTRY,JACK,TO,5,OF
AIRCRAFT,JACK,TO,5,OF
SQUADRON,FROM,TO,5,OF
RELOCATE,FROM,TO,5,OF
INFANTRY,FROM,TO,5,OF
AIRCRAFT,FROM,TO,5,OF
SQUADRON,WILL,TO,5,OF
RELOCATE,WILL,TO,5,OF
INFANTRY,WILL,TO,5,OF
AIRCRAFT,WILL,TO,5,OF
SQUADRON,LEFT,TO,5,OF
RELOCATE,LEFT,TO,5,OF
INFANTRY,LEFT,TO,5,OF
AIRCRAFT,LEFT,TO,5,OF
SQUADRON,EAST,TO,5,OF
RELOCATE,EAST,TO,5,OF
INFANTRY,EAST,TO,5,OF
AIRCRAFT,EAST,TO,5,OF
SQUADRON,WEST,TO,5,OF
RELOCATE,WEST,TO,5,OF
INFANTRY,WEST,TO,5,OF
AIRCRAFT,WEST,TO,5,OF
SQUADRON,TANK,TO,5,OF
RELOCATE,TANK,TO,5,OF
INFANTRY,TANK,TO,5,OF
AIRCRAFT,TANK,TO,5,OF
SQUADRON,ACID,IN,5,OF
RELOCATE,ACID,IN,5,OF
INFANTRY,ACID,IN,5,OF
AIRCRAFT,ACID,IN,5,OF
SQUADRON,AREA,IN,5,OF
RELOCATE,AREA,IN,5,OF
INFANTRY,AREA,IN,5,OF
AIRCRAFT,AREA,IN,5,OF
SQUADRON,FIRE,IN,5,OF
RELOCATE,FIRE,IN,5,OF
INFANTRY,FIRE,IN,5,OF
AIRCRAFT,FIRE,IN,5,OF
SQUADRON,SHIP,IN,5,OF
RELOCATE,SHIP,IN,5,OF
INFANTRY,SHIP,IN,5,OF
AIRCRAFT,SHIP,IN,5,OF
SQUADRON,WALK,IN,5,OF
RELOCATE,WALK,IN,5,OF
INFANTRY,WALK,IN,5,OF
AIRCRAFT,WALK,IN,5,OF
SQUADRON,JOHN,IN,5,OF
RELOCATE,JOHN,IN,5,OF
INFANTRY,JOHN,IN,5,OF
AIRCRAFT,JOHN,IN,5,OF
SQUADRON,MOVE,IN,5,OF
RELOCATE,MOVE,IN,5,OF
INFANTRY,MOVE,IN,5,OF
AIRCRAFT,MOVE,IN,5,OF
SQUADRON,CITY,IN,5,OF
RELOCATE,CITY,IN,5,OF
INFANTRY,CITY,IN,5,OF
AIRCRAFT,CITY,IN,5,OF
SQUADRON,JACK,IN,5,OF
RELOCATE,JACK,IN,5,OF
INFANTRY,JACK,IN,5,OF
AIRCRAFT,JACK,IN,5,OF
SQUADRON,FROM,IN,5,OF
RELOCATE,FROM,IN,5,OF
INFANTRY,FROM,IN,5,OF
AIRCRAFT,FROM,IN,5,OF
SQUADRON,WILL,IN,5,OF
RELOCATE,WILL,IN,5,OF
INFANTRY,WILL,IN,5,OF
AIRCRAFT,WILL,IN,5,OF
SQUADRON,LEFT,IN,5,OF
RELOCATE,LEFT,IN,5,OF
INFANTRY,LEFT,IN,5,OF
AIRCRAFT,LEFT,IN,5,OF
SQUADRON,EAST,IN,5,OF
RELOCATE,EAST,IN,5,OF
INFANTRY,EAST,IN,5,OF
AIRCRAFT,EAST,IN,5,OF
SQUADRON,WEST,IN,5,OF
RELOCATE,WEST,IN,5,OF
INFANTRY,WEST,IN,5,OF
AIRCRAFT,WEST,IN,5,OF
SQUADRON,TANK,IN,5,OF
RELOCATE,TANK,IN,5,OF
INFANTRY,TANK,IN,5,OF
AIRCRAFT,TANK,IN,5,OF
SQUADRON,ACID,OF,5,OF
RELOCATE,ACID,OF,5,OF
INFANTRY,ACID,OF,5,OF
AIRCRAFT,ACID,OF,5,OF
SQUADRON,AREA,OF,5,OF
RELOCATE,AREA,OF,5,OF
INFANTRY,AREA,OF,5,OF
AIRCRAFT,AREA,OF,5,OF
SQUADRON,FIRE,OF,5,OF
RELOCATE,FIRE,OF,5,OF
INFANTRY,FIRE,OF,5,OF
AIRCRAFT,FIRE,OF,5,OF
SQUADRON,SHIP,OF,5,OF
RELOCATE,SHIP,OF,5,OF
INFANTRY,SHIP,OF,5,OF
AIRCRAFT,SHIP,OF,5,OF
SQUADRON,WALK,OF,5,OF
RELOCATE,WALK,OF,5,OF
INFANTRY,WALK,OF,5,OF
AIRCRAFT,WALK,OF,5,OF
SQUADRON,JOHN,OF,5,OF
RELOCATE,JOHN,OF,5,OF
INFANTRY,JOHN,OF,5,OF
AIRCRAFT,JOHN,OF,5,OF
SQUADRON,MOVE,OF,5,OF
RELOCATE,MOVE,OF,5,OF
INFANTRY,MOVE,OF,5,OF
AIRCRAFT,MOVE,OF,5,OF
SQUADRON,CITY,OF,5,OF
RELOCATE,CITY,OF,5,OF
INFANTRY,CITY,OF,5,OF
AIRCRAFT,CITY,OF,5,OF
SQUADRON,JACK,OF,5,OF
RELOCATE,JACK,OF,5,OF
INFANTRY,JACK,OF,5,OF
AIRCRAFT,JACK,OF,5,OF
SQUADRON,FROM,OF,5,OF
RELOCATE,FROM,OF,5,OF
INFANTRY,FROM,OF,5,OF
AIRCRAFT,FROM,OF,5,OF
SQUADRON,WILL,OF,5,OF
RELOCATE,WILL,OF,5,OF
INFANTRY,WILL,OF,5,OF
AIRCRAFT,WILL,OF,5,OF
SQUADRON,LEFT,OF,5,OF
RELOCATE,LEFT,OF,5,OF
INFANTRY,LEFT,OF,5,OF
AIRCRAFT,LEFT,OF,5,OF
SQUADRON,EAST,OF,5,OF
RELOCATE,EAST,OF,5,OF
INFANTRY,EAST,OF,5,OF
AIRCRAFT,EAST,OF,5,OF
SQUADRON,WEST,OF,5,OF
RELOCATE,WEST,OF,5,OF
INFANTRY,WEST,OF,5,OF
AIRCRAFT,WEST,OF,5,OF
SQUADRON,TANK,OF,5,OF
RELOCATE,TANK,OF,5,OF
INFANTRY,TANK,OF,5,OF
AIRCRAFT,TANK,OF,5,OF
